flight_id,date,route,aircraft_type,departure_time,passengers,cabin_mix,meals_loaded,meals_consumed,waste_rate_percent,special_meals
SV1,2026-01-01,RUH-MED,A320,05:50,209,Eco,222,205,7.39,9
SV2,2026-01-02,JED-RUH,A321,08:50,171,Eco+Biz,175,160,8.46,14
SV3,2026-01-03,JED-IST,A320,23:30,151,Eco,155,146,5.73,9
SV4,2026-01-04,RUH-JED,A321,12:40,212,Eco+Biz,221,207,6.16,14
SV5,2026-01-05,JED-IST,A321,22:30,125,Eco,130,119,8.14,6
SV6,2026-01-06,JED-IST,B737,05:10,95,Eco+Biz,100,94,5.19,6
SV7,2026-01-07,RUH-DXB,B737,09:10,143,Eco+Biz,151,140,6.76,7
SV8,2026-01-08,RUH-DXB,A320,07:30,162,Eco,165,150,8.64,9
SV9,2026-01-09,DMM-RUH,B737,13:00,192,Eco+Biz,202,190,5.74,19
SV10,2026-01-10,JED-IST,A320,17:00,62,Eco,66,60,8.58,4
SV11,2026-01-11,DMM-RUH,B777,16:40,173,Eco,180,169,6.09,14
SV12,2026-01-12,RUH-JED,A320,12:20,161,Eco+Biz,166,154,7.17,9
SV13,2026-01-13,DMM-RUH,A321,08:30,139,Eco,141,129,8.26,12
SV14,2026-01-14,RUH-MED,B737,10:20,216,Eco,230,217,5.3,12
SV15,2026-01-15,RUH-MED,B737,07:40,199,Eco+Biz,206,195,5.25,12
SV16,2026-01-16,JED-IST,B777,12:10,238,Eco,253,233,7.55,21
SV17,2026-01-17,RUH-DXB,B777,22:10,201,Eco+Biz,214,198,7.25,16
SV18,2026-01-18,DMM-RUH,A320,12:00,141,Eco+Biz,148,138,6.71,5
SV19,2026-01-19,RUH-CAI,B737,07:10,185,Eco+Biz,192,178,7.03,15
SV20,2026-01-20,JED-IST,B777,15:10,162,Eco+Biz,169,155,8.02,7
SV21,2026-01-21,RUH-CAI,B777,19:10,131,Eco,140,128,8.23,11
SV22,2026-01-22,JED-RUH,B777,22:40,149,Eco,159,149,5.75,14
SV23,2026-01-23,JED-IST,B787,23:30,137,Eco,141,131,6.71,12
SV24,2026-01-24,JED-RUH,A330,20:00,160,Eco+Biz,163,151,7.04,10
SV25,2026-01-25,DMM-RUH,A320,09:50,159,Eco,171,160,6.29,11
SV26,2026-01-26,RUH-MED,B787,07:30,131,Eco,136,123,8.89,11
SV27,2026-01-27,RUH-CAI,A330,13:40,64,Eco+Biz,66,62,5.15,4
SV28,2026-01-28,RUH-JED,B777,08:50,178,Eco+Biz,182,170,6.11,15
SV29,2026-01-29,DMM-RUH,B737,15:00,177,Eco,191,179,5.97,15
SV30,2026-01-30,JED-RUH,B787,05:50,109,Eco+Biz,112,103,7.91,7
SV31,2026-01-31,RUH-DXB,A330,10:40,215,Eco+Biz,220,201,8.34,11
SV32,2026-02-01,DMM-RUH,B777,14:50,311,Eco,317,293,7.36,22
SV33,2026-02-02,JED-RUH,A321,16:10,86,Eco,91,85,5.7,6
SV34,2026-02-03,DMM-RUH,A330,05:40,184,Eco,198,187,5.55,10
SV35,2026-02-04,RUH-JED,A320,16:20,228,Eco,243,225,7.22,15
SV36,2026-02-05,JED-RUH,A330,07:00,106,Eco+Biz,108,98,8.59,9
SV37,2026-02-06,DMM-RUH,A320,22:10,105,Eco,111,101,8.59,9
SV38,2026-02-07,RUH-CAI,A330,10:20,100,Eco,105,99,5.34,5
SV39,2026-02-08,JED-IST,B787,11:40,197,Eco+Biz,200,188,5.64,15
SV40,2026-02-09,RUH-MED,A321,14:30,137,Eco+Biz,145,136,5.9,10
SV41,2026-02-10,RUH-MED,B737,19:40,249,Eco,263,240,8.4,20
SV42,2026-02-11,JED-RUH,A321,07:20,130,Eco,133,124,6.47,6
SV43,2026-02-12,JED-IST,A321,23:10,175,Eco,187,172,7.52,15
SV44,2026-02-13,RUH-MED,B777,06:10,200,Eco,210,195,6.97,11
SV45,2026-02-14,RUH-JED,B737,07:40,115,Eco,123,112,8.82,10
SV46,2026-02-15,RUH-MED,B787,11:40,208,Eco,212,193,8.71,16
SV47,2026-02-16,JED-IST,A330,20:10,129,Eco+Biz,138,129,6.27,6
SV48,2026-02-17,DMM-RUH,B787,11:00,89,Eco,95,87,7.78,6
SV49,2026-02-18,RUH-CAI,B737,18:30,183,Eco,196,180,7.96,15
SV50,2026-02-19,RUH-MED,A320,08:00,111,Eco,115,107,6.17,9
SV51,2026-02-20,RUH-DXB,A320,12:10,210,Eco,224,206,7.6,18
SV52,2026-02-21,RUH-CAI,A321,18:10,350,Eco,375,351,6.35,21
SV53,2026-02-22,JED-RUH,A320,19:40,150,Eco,157,145,7.17,9
SV54,2026-02-23,RUH-MED,A330,05:00,184,Eco+Biz,188,178,5.15,16
SV55,2026-02-24,DMM-RUH,A321,10:30,183,Eco,195,183,5.86,13
SV56,2026-02-25,JED-RUH,B787,06:10,115,Eco,117,108,7.13,8
SV57,2026-02-26,RUH-CAI,B737,19:20,60,Eco,64,60,6.08,3
SV58,2026-02-27,RUH-MED,A330,20:10,191,Eco,195,177,8.85,17
SV59,2026-02-28,JED-RUH,A320,23:50,107,Eco,110,103,6.0,8
SV60,2026-03-01,RUH-MED,B737,06:00,159,Eco,168,157,6.12,15
SV61,2026-03-02,JED-IST,A330,10:00,307,Eco+Biz,320,300,5.99,21
SV62,2026-03-03,RUH-JED,A321,07:40,241,Eco,246,232,5.46,9
SV63,2026-03-04,DMM-RUH,A321,17:00,206,Eco+Biz,215,203,5.39,15
SV64,2026-03-05,JED-IST,A321,23:40,226,Eco,232,216,6.74,16
SV65,2026-03-06,RUH-JED,B787,23:40,153,Eco,159,147,7.5,12
SV66,2026-03-07,RUH-DXB,A321,15:10,187,Eco,198,186,5.65,10
SV67,2026-03-08,JED-RUH,B777,14:30,184,Eco,198,183,7.3,13
SV68,2026-03-09,DMM-RUH,A320,05:30,156,Eco+Biz,163,151,7.18,14
SV69,2026-03-10,JED-IST,A320,07:40,196,Eco,200,187,6.28,16
SV70,2026-03-11,RUH-DXB,A321,16:00,142,Eco+Biz,151,141,6.13,8
SV71,2026-03-12,RUH-DXB,B737,10:30,233,Eco+Biz,247,226,8.21,13
SV72,2026-03-13,RUH-MED,B737,21:00,198,Eco+Biz,210,192,8.23,18
SV73,2026-03-14,JED-IST,B737,08:10,256,Eco,266,242,8.72,22
SV74,2026-03-15,RUH-JED,B777,22:10,144,Eco,153,140,8.02,9
SV75,2026-03-16,JED-IST,A321,15:10,258,Eco+Biz,268,244,8.58,14
SV76,2026-03-17,DMM-RUH,B737,21:30,181,Eco,194,183,5.37,13
SV77,2026-03-18,DMM-RUH,A320,07:50,185,Eco,195,181,6.79,11
SV78,2026-03-19,RUH-DXB,A320,05:20,215,Eco+Biz,227,208,8.01,19
SV79,2026-03-20,RUH-MED,B737,10:50,179,Eco,183,169,7.2,13
SV80,2026-03-21,RUH-MED,B787,22:00,126,Eco,131,123,5.47,7
SV81,2026-03-22,RUH-MED,A321,22:00,130,Eco+Biz,133,122,7.8,7
SV82,2026-03-23,JED-IST,A330,09:30,194,Eco,206,195,5.33,11
SV83,2026-03-24,RUH-DXB,B737,06:20,93,Eco,99,90,8.79,9
SV84,2026-03-25,JED-RUH,B777,08:20,95,Eco+Biz,99,93,5.33,8
SV85,2026-03-26,DMM-RUH,B787,09:10,231,Eco+Biz,237,220,6.97,11
SV86,2026-03-27,DMM-RUH,A321,18:00,170,Eco,173,163,5.48,9
SV87,2026-03-28,RUH-DXB,B787,12:20,211,Eco,227,212,6.5,14
SV88,2026-03-29,RUH-MED,A320,17:00,271,Eco+Biz,280,255,8.85,15
SV89,2026-03-30,JED-RUH,A321,19:20,193,Eco,197,182,7.22,18
SV90,2026-03-31,DMM-RUH,A321,12:00,180,Eco+Biz,190,175,7.78,13
SV91,2026-04-01,RUH-CAI,B737,13:00,232,Eco+Biz,237,222,6.12,23
SV92,2026-04-02,RUH-DXB,B737,21:30,191,Eco+Biz,200,185,7.48,10
SV93,2026-04-03,DMM-RUH,A330,15:00,60,Eco,63,59,5.31,5
SV94,2026-04-04,RUH-DXB,A321,23:20,148,Eco,157,145,7.14,9
SV95,2026-04-05,JED-IST,B787,16:50,126,Eco+Biz,135,123,8.29,12
SV96,2026-04-06,RUH-CAI,A330,21:00,209,Eco,220,205,6.67,21
SV97,2026-04-07,JED-IST,A321,13:00,250,Eco+Biz,269,253,5.6,18
SV98,2026-04-08,RUH-JED,A330,22:50,151,Eco+Biz,162,148,8.37,12
SV99,2026-04-09,RUH-MED,B777,11:20,84,Eco,85,77,8.46,7
SV100,2026-04-10,RUH-MED,B737,15:50,144,Eco+Biz,155,143,7.22,13
SV101,2026-04-11,RUH-MED,B737,21:20,152,Eco+Biz,159,150,5.52,14
SV102,2026-04-12,RUH-DXB,B787,14:40,217,Eco,224,206,7.69,16
SV103,2026-04-13,RUH-CAI,B777,17:50,199,Eco+Biz,209,192,8.09,16
SV104,2026-04-14,JED-RUH,A330,23:20,135,Eco,142,131,7.24,11
SV105,2026-04-15,DMM-RUH,A320,14:20,218,Eco,231,217,5.85,10
SV106,2026-04-16,DMM-RUH,A330,15:30,262,Eco,272,251,7.36,16
SV107,2026-04-17,RUH-MED,A321,21:30,163,Eco+Biz,171,157,8.13,11
SV108,2026-04-18,DMM-RUH,B777,10:50,223,Eco,238,217,8.8,14
SV109,2026-04-19,JED-IST,B777,15:00,77,Eco+Biz,80,72,8.92,5
SV110,2026-04-20,DMM-RUH,A321,14:10,176,Eco+Biz,186,174,5.96,7
SV111,2026-04-21,JED-RUH,A320,06:10,201,Eco+Biz,207,193,6.38,18
SV112,2026-04-22,JED-IST,A320,19:30,123,Eco+Biz,130,122,5.69,5
SV113,2026-04-23,JED-IST,A321,17:30,148,Eco,152,143,5.35,7
SV114,2026-04-24,JED-RUH,B777,05:00,132,Eco+Biz,136,127,6.46,10
SV115,2026-04-25,JED-RUH,A321,21:30,138,Eco,147,134,8.68,6
SV116,2026-04-26,JED-RUH,A320,19:10,192,Eco+Biz,205,188,7.99,9
SV117,2026-04-27,RUH-MED,A330,22:40,163,Eco,172,160,6.48,12
SV118,2026-04-28,DMM-RUH,B787,21:30,60,Eco+Biz,61,57,6.01,4
SV119,2026-04-29,JED-IST,B787,10:50,350,Eco+Biz,359,334,6.79,24
SV120,2026-04-30,RUH-CAI,B737,12:50,247,Eco,255,238,6.51,11
SV121,2026-05-01,DMM-RUH,A330,20:50,141,Eco,144,131,8.56,11
SV122,2026-05-02,RUH-CAI,A320,14:10,115,Eco,122,113,6.99,5
SV123,2026-05-03,RUH-DXB,A330,07:10,271,Eco,283,267,5.51,15
SV124,2026-05-04,RUH-CAI,B777,09:50,212,Eco,224,207,7.28,16
SV125,2026-05-05,RUH-CAI,B787,15:40,96,Eco,98,92,5.61,5
SV126,2026-05-06,RUH-JED,A321,18:30,213,Eco+Biz,219,205,6.14,13
SV127,2026-05-07,JED-IST,B777,05:40,182,Eco,190,173,8.93,9
SV128,2026-05-08,RUH-JED,B737,14:30,130,Eco+Biz,140,128,8.46,10
SV129,2026-05-09,DMM-RUH,B787,22:50,210,Eco+Biz,225,208,7.23,15
SV130,2026-05-10,DMM-RUH,A330,12:30,121,Eco,129,121,5.75,7
SV131,2026-05-11,RUH-CAI,B787,05:30,82,Eco,84,77,7.44,4
SV132,2026-05-12,RUH-MED,B787,10:30,182,Eco+Biz,187,174,6.92,12
SV133,2026-05-13,JED-IST,A330,05:30,128,Eco,131,119,8.96,8
SV134,2026-05-14,RUH-MED,A320,07:50,156,Eco,161,148,7.73,13
SV135,2026-05-15,DMM-RUH,B787,10:00,60,Eco,62,56,8.72,5
SV136,2026-05-16,RUH-DXB,A321,19:20,132,Eco,135,124,7.92,11
SV137,2026-05-17,RUH-CAI,B737,18:20,185,Eco+Biz,195,178,8.37,10
SV138,2026-05-18,RUH-CAI,A320,22:00,170,Eco+Biz,175,165,5.65,10
SV139,2026-05-19,RUH-DXB,A321,07:50,197,Eco,205,187,8.51,14
SV140,2026-05-20,RUH-JED,A321,11:00,304,Eco+Biz,318,297,6.51,20
SV141,2026-05-21,JED-RUH,A321,20:50,181,Eco,187,170,8.6,11
SV142,2026-05-22,JED-RUH,B787,13:20,280,Eco,300,277,7.5,18
SV143,2026-05-23,JED-IST,B777,08:10,91,Eco+Biz,93,85,8.18,6
SV144,2026-05-24,RUH-JED,A330,05:20,248,Eco,266,244,8.15,13
SV145,2026-05-25,RUH-CAI,B787,11:00,229,Eco,234,216,7.28,21
SV146,2026-05-26,DMM-RUH,B777,12:00,128,Eco+Biz,133,121,8.29,7
SV147,2026-05-27,RUH-DXB,B777,08:40,163,Eco+Biz,174,164,5.6,9
SV148,2026-05-28,RUH-DXB,A330,18:50,121,Eco,128,118,7.56,9
SV149,2026-05-29,JED-IST,B777,15:00,133,Eco+Biz,137,125,8.63,9
SV150,2026-05-30,DMM-RUH,B787,08:30,105,Eco+Biz,110,100,8.79,5
SV151,2026-05-31,RUH-MED,B787,09:30,326,Eco,332,303,8.49,30
SV152,2026-06-01,JED-IST,B777,13:40,187,Eco+Biz,198,180,8.69,14
SV153,2026-06-02,JED-IST,B787,19:30,292,Eco+Biz,305,280,7.95,30
SV154,2026-06-03,JED-IST,B737,15:10,260,Eco+Biz,272,257,5.45,26
SV155,2026-06-04,RUH-JED,B737,19:10,183,Eco+Biz,193,180,6.6,8
SV156,2026-06-05,JED-IST,A330,17:20,245,Eco,261,247,5.02,15
SV157,2026-06-06,DMM-RUH,B737,10:30,229,Eco,238,222,6.39,19
SV158,2026-06-07,DMM-RUH,B737,15:20,184,Eco+Biz,190,177,6.81,8
SV159,2026-06-08,RUH-MED,B737,22:00,60,Eco,64,59,6.45,4
SV160,2026-06-09,JED-RUH,A320,12:50,176,Eco,179,165,7.65,11
SV161,2026-06-10,JED-IST,A321,20:50,163,Eco+Biz,167,151,8.99,11
SV162,2026-06-11,RUH-CAI,A320,07:20,113,Eco,115,105,8.0,7
SV163,2026-06-12,RUH-MED,A321,14:50,145,Eco,148,137,6.89,9
SV164,2026-06-13,RUH-CAI,A330,21:20,147,Eco,156,145,6.81,10
SV165,2026-06-14,RUH-MED,A330,15:20,254,Eco+Biz,261,246,5.73,25
SV166,2026-06-15,RUH-DXB,B737,13:10,60,Eco,62,58,6.08,4
SV167,2026-06-16,JED-RUH,B737,08:50,236,Eco,241,226,5.89,14
SV168,2026-06-17,DMM-RUH,B777,10:10,256,Eco,261,246,5.42,20
SV169,2026-06-18,RUH-CAI,B737,23:40,106,Eco,108,101,5.97,9
SV170,2026-06-19,RUH-JED,A321,14:10,222,Eco,237,221,6.59,17
SV171,2026-06-20,RUH-DXB,A320,22:10,215,Eco,219,207,5.34,10
SV172,2026-06-21,RUH-JED,A330,14:50,161,Eco+Biz,165,152,7.33,12
SV173,2026-06-22,RUH-MED,B787,08:00,148,Eco,153,143,6.52,10
SV174,2026-06-23,RUH-CAI,B787,19:20,242,Eco,255,238,6.64,17
SV175,2026-06-24,RUH-JED,B737,20:00,192,Eco+Biz,204,192,5.56,17
SV176,2026-06-25,RUH-CAI,B787,07:40,174,Eco+Biz,186,170,8.2,9
SV177,2026-06-26,RUH-JED,A321,09:40,198,Eco+Biz,209,196,6.03,12
SV178,2026-06-27,RUH-JED,A321,08:40,77,Eco+Biz,83,77,7.1,3
SV179,2026-06-28,JED-IST,A330,12:40,191,Eco,197,182,7.22,16
SV180,2026-06-29,RUH-CAI,B737,23:30,121,Eco,124,117,5.04,7
SV181,2026-06-30,JED-IST,A320,08:10,195,Eco+Biz,205,189,7.66,12
SV182,2026-07-01,RUH-DXB,B777,07:10,238,Eco,248,231,6.53,15
SV183,2026-07-02,JED-IST,A320,10:00,211,Eco,216,199,7.41,11
SV184,2026-07-03,RUH-MED,A330,20:20,136,Eco,141,131,6.42,10
SV185,2026-07-04,RUH-DXB,B777,14:50,123,Eco+Biz,130,118,8.75,9
SV186,2026-07-05,RUH-JED,B777,12:20,337,Eco+Biz,344,323,6.05,23
SV187,2026-07-06,RUH-MED,A330,11:30,333,Eco,346,318,8.08,14
SV188,2026-07-07,JED-RUH,B777,09:20,174,Eco+Biz,185,172,6.98,14
SV189,2026-07-08,RUH-JED,A320,10:20,222,Eco,237,218,7.78,13
SV190,2026-07-09,DMM-RUH,A330,14:30,146,Eco,152,143,5.37,12
SV191,2026-07-10,RUH-MED,B737,17:20,175,Eco,180,167,7.17,16
SV192,2026-07-11,RUH-CAI,B787,07:40,217,Eco,231,213,7.64,19
SV193,2026-07-12,RUH-CAI,B777,15:40,175,Eco,180,163,8.95,14
SV194,2026-07-13,RUH-JED,A321,23:40,80,Eco+Biz,84,76,8.7,4
SV195,2026-07-14,DMM-RUH,B777,13:40,115,Eco,123,112,8.88,10
SV196,2026-07-15,DMM-RUH,A321,20:40,243,Eco+Biz,260,238,8.38,17
SV197,2026-07-16,RUH-DXB,A321,23:30,185,Eco+Biz,191,180,5.48,10
SV198,2026-07-17,RUH-CAI,A320,20:20,152,Eco,158,145,7.9,7
SV199,2026-07-18,RUH-DXB,B777,08:10,266,Eco,276,255,7.5,24
SV200,2026-07-19,RUH-MED,B787,14:50,191,Eco+Biz,197,186,5.1,15
SV201,2026-07-20,DMM-RUH,A330,06:30,184,Eco,198,181,8.2,17
SV202,2026-07-21,RUH-DXB,B737,08:30,243,Eco+Biz,259,241,6.61,18
SV203,2026-07-22,DMM-RUH,A320,22:30,153,Eco,159,146,7.95,7
SV204,2026-07-23,JED-RUH,A330,16:40,267,Eco+Biz,278,260,6.15,14
SV205,2026-07-24,RUH-MED,B787,06:10,177,Eco,184,169,7.72,12
SV206,2026-07-25,JED-RUH,B737,19:50,194,Eco,207,195,5.36,14
SV207,2026-07-26,RUH-JED,B777,12:50,177,Eco,187,176,5.67,16
SV208,2026-07-27,JED-IST,A320,22:30,220,Eco,236,218,7.6,17
SV209,2026-07-28,DMM-RUH,A320,19:00,141,Eco+Biz,145,136,5.75,11
SV210,2026-07-29,JED-RUH,B787,14:40,148,Eco+Biz,151,137,8.88,14
SV211,2026-07-30,RUH-CAI,B787,20:10,265,Eco,281,265,5.62,21
SV212,2026-07-31,JED-RUH,B787,11:40,145,Eco,149,138,7.15,11
SV213,2026-08-01,JED-RUH,A320,13:30,143,Eco,153,139,8.82,13
SV214,2026-08-02,DMM-RUH,A330,13:00,156,Eco,165,153,7.2,7
SV215,2026-08-03,RUH-DXB,A330,23:50,97,Eco,103,95,6.98,4
SV216,2026-08-04,JED-RUH,B787,22:30,136,Eco,144,136,5.3,11
SV217,2026-08-05,JED-IST,A330,17:30,331,Eco+Biz,353,330,6.39,28
SV218,2026-08-06,DMM-RUH,A321,12:40,148,Eco,153,139,8.51,13
SV219,2026-08-07,DMM-RUH,B787,06:20,229,Eco+Biz,243,224,7.72,18
SV220,2026-08-08,RUH-MED,B787,17:50,210,Eco+Biz,216,197,8.52,17
SV221,2026-08-09,RUH-MED,A321,20:00,169,Eco,175,161,7.97,10
SV222,2026-08-10,JED-IST,B737,08:30,188,Eco,201,186,7.03,7
SV223,2026-08-11,RUH-CAI,A320,09:30,191,Eco+Biz,202,189,6.04,14
SV224,2026-08-12,JED-RUH,A320,20:20,182,Eco,194,183,5.43,15
SV225,2026-08-13,RUH-MED,B787,07:20,174,Eco+Biz,184,167,8.73,11
SV226,2026-08-14,DMM-RUH,A330,17:20,196,Eco+Biz,208,197,5.27,12
SV227,2026-08-15,DMM-RUH,B787,22:00,187,Eco+Biz,194,179,7.48,11
SV228,2026-08-16,JED-RUH,B777,14:10,137,Eco+Biz,147,133,8.88,10
SV229,2026-08-17,RUH-CAI,A320,08:30,273,Eco,289,269,6.78,19
SV230,2026-08-18,RUH-DXB,A320,06:20,176,Eco+Biz,184,171,6.81,10
SV231,2026-08-19,RUH-DXB,B737,16:30,118,Eco,120,110,7.72,8
SV232,2026-08-20,JED-IST,B787,23:50,222,Eco+Biz,239,225,5.6,17
SV233,2026-08-21,JED-RUH,A321,07:40,290,Eco+Biz,302,283,6.1,27
SV234,2026-08-22,JED-IST,B777,12:30,115,Eco+Biz,123,115,5.92,5
SV235,2026-08-23,JED-RUH,A321,19:50,104,Eco,111,103,6.89,9
SV236,2026-08-24,RUH-DXB,B777,05:30,266,Eco+Biz,285,261,8.11,25
SV237,2026-08-25,RUH-MED,A330,10:00,218,Eco,224,212,5.13,20
SV238,2026-08-26,RUH-DXB,A330,14:50,259,Eco+Biz,276,256,6.93,12
SV239,2026-08-27,RUH-MED,B737,19:20,139,Eco,143,133,6.97,7
SV240,2026-08-28,RUH-CAI,B787,08:10,288,Eco,298,273,8.19,18
SV241,2026-08-29,RUH-DXB,A330,14:50,152,Eco,160,150,6.17,13
SV242,2026-08-30,DMM-RUH,B777,17:20,60,Eco,64,60,5.16,3
SV243,2026-08-31,DMM-RUH,B777,06:40,179,Eco+Biz,189,174,7.81,11
SV244,2026-09-01,DMM-RUH,B737,12:40,110,Eco+Biz,114,105,7.07,4
SV245,2026-09-02,JED-RUH,B777,11:40,119,Eco,125,115,7.76,9
SV246,2026-09-03,DMM-RUH,B777,09:50,163,Eco,167,157,5.42,13
SV247,2026-09-04,RUH-MED,B777,06:20,183,Eco+Biz,194,177,8.48,16
SV248,2026-09-05,RUH-JED,A330,16:50,141,Eco,146,133,8.26,7
SV249,2026-09-06,RUH-DXB,B737,18:10,259,Eco,271,250,7.57,20
SV250,2026-09-07,DMM-RUH,A330,16:40,191,Eco,195,184,5.24,10
SV251,2026-09-08,RUH-DXB,A321,13:30,160,Eco+Biz,172,161,6.35,10
SV252,2026-09-09,RUH-DXB,B777,15:00,205,Eco,217,201,6.99,15
SV253,2026-09-10,RUH-JED,A321,12:50,182,Eco+Biz,187,172,7.72,7
SV254,2026-09-11,RUH-CAI,A330,16:00,187,Eco+Biz,193,179,6.85,17
SV255,2026-09-12,RUH-JED,B737,22:00,151,Eco,157,146,6.48,12
SV256,2026-09-13,RUH-MED,B777,13:40,274,Eco,293,271,7.31,20
SV257,2026-09-14,RUH-MED,B737,08:50,244,Eco,262,244,6.69,15
SV258,2026-09-15,RUH-JED,A330,22:20,177,Eco+Biz,190,178,5.84,14
SV259,2026-09-16,JED-RUH,B777,07:50,142,Eco+Biz,150,137,8.64,7
SV260,2026-09-17,RUH-MED,B737,18:00,203,Eco,218,205,5.72,18
SV261,2026-09-18,RUH-JED,B737,20:00,212,Eco,221,205,7.06,14
SV262,2026-09-19,JED-IST,A321,17:30,157,Eco,161,150,6.56,14
SV263,2026-09-20,RUH-MED,B777,22:30,102,Eco,108,102,5.52,9
SV264,2026-09-21,RUH-MED,A321,18:50,249,Eco,257,243,5.29,14
SV265,2026-09-22,RUH-CAI,A330,18:20,239,Eco,249,234,5.99,19
SV266,2026-09-23,RUH-DXB,A321,19:30,150,Eco+Biz,154,145,5.67,7
SV267,2026-09-24,DMM-RUH,B737,08:50,160,Eco,171,156,8.22,13
SV268,2026-09-25,RUH-MED,B737,06:30,304,Eco,313,295,5.45,16
SV269,2026-09-26,RUH-JED,B787,07:50,223,Eco,227,214,5.49,17
SV270,2026-09-27,RUH-MED,A330,05:00,183,Eco+Biz,190,176,7.03,7
SV271,2026-09-28,JED-RUH,A321,23:10,234,Eco,245,227,7.06,17
SV272,2026-09-29,DMM-RUH,A330,11:40,200,Eco,205,194,5.12,13
SV273,2026-09-30,DMM-RUH,A321,15:10,216,Eco+Biz,232,219,5.38,17
SV274,2026-10-01,JED-IST,A320,13:10,116,Eco+Biz,124,116,5.71,10
SV275,2026-10-02,JED-IST,B737,10:00,189,Eco+Biz,198,183,7.47,17
SV276,2026-10-03,RUH-JED,A321,05:20,201,Eco+Biz,205,187,8.72,16
SV277,2026-10-04,JED-RUH,A330,15:00,218,Eco,227,209,7.6,12
SV278,2026-10-05,RUH-JED,A321,18:40,111,Eco,119,112,5.19,10
SV279,2026-10-06,RUH-JED,B787,19:20,199,Eco,209,192,7.95,17
SV280,2026-10-07,RUH-JED,B787,21:10,205,Eco+Biz,213,196,7.67,19
SV281,2026-10-08,RUH-JED,B777,21:20,162,Eco,173,163,5.48,10
SV282,2026-10-09,RUH-JED,A320,20:30,262,Eco,272,254,6.47,19
SV283,2026-10-10,RUH-JED,B787,19:00,120,Eco+Biz,124,115,6.49,5
SV284,2026-10-11,RUH-DXB,A330,09:00,60,Eco,63,58,7.67,4
SV285,2026-10-12,JED-IST,B777,23:40,238,Eco+Biz,250,232,6.92,11
SV286,2026-10-13,RUH-CAI,A330,21:20,160,Eco,166,155,6.6,12
SV287,2026-10-14,JED-IST,B787,08:50,263,Eco,281,258,7.87,22
SV288,2026-10-15,RUH-MED,B777,22:50,213,Eco+Biz,219,207,5.03,18
SV289,2026-10-16,RUH-CAI,B787,12:30,186,Eco,190,173,8.74,10
SV290,2026-10-17,RUH-CAI,B787,18:50,176,Eco,184,172,6.03,9
SV291,2026-10-18,RUH-CAI,B737,13:20,190,Eco+Biz,197,182,7.44,14
SV292,2026-10-19,RUH-MED,B787,07:00,263,Eco+Biz,274,258,5.49,16
SV293,2026-10-20,RUH-JED,B787,08:50,186,Eco+Biz,197,186,5.43,12
SV294,2026-10-21,DMM-RUH,A321,22:00,99,Eco,106,98,6.93,8
SV295,2026-10-22,JED-IST,A330,15:50,187,Eco,201,186,7.41,18
SV296,2026-10-23,RUH-DXB,B777,18:50,154,Eco,159,149,5.85,11
SV297,2026-10-24,RUH-DXB,A330,14:20,105,Eco,112,105,6.1,8
SV298,2026-10-25,JED-IST,A321,09:50,138,Eco,146,138,5.38,10
SV299,2026-10-26,DMM-RUH,A320,16:40,108,Eco,114,104,8.45,5
SV300,2026-10-27,DMM-RUH,B737,23:10,198,Eco+Biz,202,186,7.57,15
SV301,2026-10-28,DMM-RUH,A330,22:00,146,Eco+Biz,154,143,6.99,12
SV302,2026-10-29,RUH-MED,B777,13:00,97,Eco,102,95,6.62,6
SV303,2026-10-30,RUH-MED,B737,15:20,214,Eco,221,209,5.32,12
SV304,2026-10-31,DMM-RUH,A321,23:50,277,Eco,285,267,6.29,15
SV305,2026-11-01,JED-RUH,B777,05:00,182,Eco+Biz,186,170,8.2,10
SV306,2026-11-02,JED-RUH,B787,18:30,133,Eco,142,131,7.6,9
SV307,2026-11-03,RUH-DXB,B737,15:40,253,Eco,273,252,7.65,20
SV308,2026-11-04,RUH-JED,A321,10:40,107,Eco,112,106,5.24,9
SV309,2026-11-05,RUH-JED,B737,19:50,212,Eco,218,202,7.14,11
SV310,2026-11-06,JED-IST,B787,18:20,124,Eco,132,123,6.39,10
SV311,2026-11-07,JED-IST,A320,16:30,114,Eco,123,112,8.71,9
SV312,2026-11-08,RUH-MED,B777,23:30,161,Eco,169,156,7.49,9
SV313,2026-11-09,RUH-DXB,A320,12:30,188,Eco+Biz,200,184,7.83,8
SV314,2026-11-10,RUH-JED,A320,11:20,170,Eco+Biz,176,164,6.44,9
SV315,2026-11-11,DMM-RUH,A321,13:20,69,Eco,72,67,6.79,5
SV316,2026-11-12,RUH-JED,B787,18:10,210,Eco,225,209,6.99,21
SV317,2026-11-13,JED-IST,B777,12:40,184,Eco,191,174,8.51,17
SV318,2026-11-14,RUH-MED,B737,07:30,174,Eco+Biz,185,173,6.22,8
SV319,2026-11-15,RUH-JED,B787,05:30,212,Eco+Biz,220,200,8.9,18
SV320,2026-11-16,DMM-RUH,B737,23:30,126,Eco,129,118,8.45,11
SV321,2026-11-17,RUH-MED,B777,18:20,263,Eco,271,252,7.01,16
SV322,2026-11-18,RUH-JED,B737,10:40,213,Eco,221,209,5.27,8
SV323,2026-11-19,RUH-MED,B737,07:30,183,Eco+Biz,197,183,6.73,11
SV324,2026-11-20,JED-RUH,B787,23:30,211,Eco,220,208,5.42,16
SV325,2026-11-21,RUH-CAI,B737,15:10,271,Eco,278,263,5.25,23
SV326,2026-11-22,JED-RUH,A320,21:50,253,Eco,258,234,8.98,14
SV327,2026-11-23,JED-IST,A321,16:20,143,Eco+Biz,151,143,5.25,11
SV328,2026-11-24,DMM-RUH,B777,09:10,161,Eco,172,159,7.46,10
SV329,2026-11-25,RUH-DXB,A321,10:40,60,Eco,61,55,8.55,3
SV330,2026-11-26,DMM-RUH,B777,07:10,236,Eco+Biz,245,228,6.66,21
SV331,2026-11-27,RUH-MED,B787,19:40,145,Eco+Biz,148,139,6.04,10
SV332,2026-11-28,RUH-CAI,B777,23:50,60,Eco+Biz,63,59,5.86,1
SV333,2026-11-29,JED-IST,B737,15:10,179,Eco,183,169,7.19,13
SV334,2026-11-30,RUH-CAI,B787,14:20,214,Eco,219,203,6.95,11
SV335,2026-12-01,RUH-DXB,A330,07:20,169,Eco,176,164,6.58,12
SV336,2026-12-02,RUH-JED,A320,16:20,282,Eco,302,275,8.82,23
SV337,2026-12-03,DMM-RUH,A320,21:30,143,Eco,148,135,8.36,8
SV338,2026-12-04,JED-IST,B777,06:30,289,Eco+Biz,302,279,7.55,26
SV339,2026-12-05,JED-IST,B777,11:20,258,Eco+Biz,264,245,7.07,15
SV340,2026-12-06,JED-IST,A321,06:30,273,Eco,286,263,7.72,11
SV341,2026-12-07,DMM-RUH,B737,07:40,158,Eco+Biz,161,152,5.05,15
SV342,2026-12-08,RUH-JED,A321,19:30,191,Eco,198,185,6.19,13
SV343,2026-12-09,JED-IST,A321,16:20,117,Eco+Biz,120,113,5.39,9
SV344,2026-12-10,RUH-CAI,B787,15:50,212,Eco,219,207,5.08,13
SV345,2026-12-11,DMM-RUH,B777,15:00,239,Eco,252,235,6.53,11
SV346,2026-12-12,JED-IST,B777,17:20,134,Eco,141,129,8.1,10
SV347,2026-12-13,DMM-RUH,B777,09:20,141,Eco,152,140,7.41,11
SV348,2026-12-14,RUH-MED,A321,16:20,235,Eco+Biz,251,231,7.63,11
SV349,2026-12-15,RUH-MED,B777,17:10,117,Eco,122,112,7.45,10
SV350,2026-12-16,RUH-JED,B737,22:30,62,Eco+Biz,63,59,5.79,5
SV351,2026-12-17,RUH-DXB,A321,21:00,231,Eco+Biz,247,226,8.39,20
SV352,2026-12-18,RUH-CAI,A330,16:00,145,Eco,154,143,6.84,13
SV353,2026-12-19,JED-RUH,A321,15:30,219,Eco,225,208,7.18,23
SV354,2026-12-20,JED-RUH,A321,07:20,250,Eco+Biz,255,240,5.66,15
SV355,2026-12-21,RUH-JED,A330,22:50,148,Eco+Biz,155,142,8.36,12
SV356,2026-12-22,RUH-JED,B777,15:40,215,Eco,226,210,7.03,13
SV357,2026-12-23,RUH-CAI,A321,10:10,225,Eco+Biz,238,218,8.04,12
SV358,2026-12-24,DMM-RUH,A330,10:50,202,Eco,206,193,5.99,19
SV359,2026-12-25,RUH-CAI,B737,12:30,167,Eco+Biz,178,167,5.82,13
SV360,2026-12-26,DMM-RUH,B777,19:10,128,Eco,135,127,5.75,9
SV361,2026-12-27,RUH-DXB,B787,11:20,171,Eco+Biz,182,172,5.14,13
SV362,2026-12-28,JED-IST,B787,19:20,180,Eco+Biz,193,180,6.47,10
SV363,2026-12-29,JED-IST,A330,18:10,223,Eco+Biz,240,224,6.47,16
SV364,2026-12-30,DMM-RUH,A330,09:20,157,Eco,168,155,7.37,9
SV365,2026-12-31,RUH-CAI,B737,22:00,88,Eco+Biz,93,88,5.37,6
SV366,2027-01-01,JED-IST,A320,14:00,255,Eco+Biz,269,254,5.26,20
SV367,2027-01-02,RUH-DXB,B787,21:10,303,Eco+Biz,321,294,8.22,21
SV368,2027-01-03,RUH-JED,A321,19:20,252,Eco+Biz,264,249,5.31,12
SV369,2027-01-04,RUH-CAI,A320,17:40,221,Eco,235,218,7.07,13
SV370,2027-01-05,RUH-CAI,A320,16:10,237,Eco,246,229,6.74,11
SV371,2027-01-06,RUH-JED,B777,15:10,270,Eco,291,265,8.73,20
SV372,2027-01-07,RUH-DXB,B787,09:50,217,Eco,229,210,8.14,10
SV373,2027-01-08,JED-IST,A320,07:00,157,Eco,165,152,7.35,8
SV374,2027-01-09,DMM-RUH,A321,22:50,245,Eco+Biz,254,241,5.1,13
SV375,2027-01-10,RUH-CAI,A320,14:10,188,Eco,195,177,8.76,11
SV376,2027-01-11,RUH-JED,A321,18:50,73,Eco+Biz,78,71,8.37,3
SV377,2027-01-12,RUH-CAI,A320,08:30,109,Eco,112,106,5.32,9
SV378,2027-01-13,RUH-JED,B777,21:40,60,Eco,62,57,7.92,4
SV379,2027-01-14,JED-RUH,B737,18:00,120,Eco+Biz,127,117,7.63,10
SV380,2027-01-15,JED-RUH,A330,18:10,198,Eco+Biz,202,189,6.13,10
SV381,2027-01-16,RUH-JED,A330,16:00,166,Eco+Biz,172,158,8.04,12
SV382,2027-01-17,JED-IST,A330,21:40,202,Eco,206,191,6.95,8
SV383,2027-01-18,DMM-RUH,B787,06:50,60,Eco,62,56,8.6,2
SV384,2027-01-19,RUH-DXB,B737,05:20,233,Eco+Biz,251,232,7.24,19
SV385,2027-01-20,RUH-DXB,A321,08:40,86,Eco+Biz,91,82,8.93,4
SV386,2027-01-21,RUH-DXB,A321,06:20,148,Eco,152,140,7.26,11
SV387,2027-01-22,DMM-RUH,B777,10:50,83,Eco,85,80,5.6,4
SV388,2027-01-23,RUH-MED,B787,10:10,249,Eco,266,246,7.24,16
SV389,2027-01-24,DMM-RUH,B787,06:20,205,Eco,209,192,7.83,13
SV390,2027-01-25,DMM-RUH,A321,06:20,221,Eco+Biz,231,214,6.94,14
SV391,2027-01-26,JED-IST,B787,22:30,206,Eco,215,200,6.65,16
SV392,2027-01-27,DMM-RUH,B777,11:20,234,Eco,239,222,7.05,20
SV393,2027-01-28,DMM-RUH,A320,15:20,141,Eco,145,135,6.32,11
SV394,2027-01-29,RUH-DXB,B787,17:50,132,Eco,136,124,8.51,12
SV395,2027-01-30,RUH-CAI,B737,10:30,162,Eco+Biz,174,159,8.09,6
SV396,2027-01-31,RUH-DXB,A330,13:00,86,Eco+Biz,90,82,8.64,5
SV397,2027-02-01,RUH-JED,B787,10:40,197,Eco,210,196,6.52,18
SV398,2027-02-02,RUH-JED,A320,15:50,134,Eco,138,128,7.09,8
SV399,2027-02-03,RUH-CAI,A330,18:10,292,Eco+Biz,311,290,6.58,28
SV400,2027-02-04,RUH-DXB,B787,06:50,244,Eco+Biz,251,231,7.78,19
SV401,2027-02-05,RUH-DXB,A330,18:20,159,Eco+Biz,163,149,8.58,11
SV402,2027-02-06,DMM-RUH,A320,07:50,155,Eco+Biz,162,149,7.46,9
SV403,2027-02-07,RUH-DXB,A330,10:00,181,Eco,195,181,6.67,18
SV404,2027-02-08,JED-IST,B777,19:00,264,Eco,279,263,5.66,23
SV405,2027-02-09,JED-RUH,B777,16:20,251,Eco,266,243,8.56,14
SV406,2027-02-10,JED-IST,A320,09:50,335,Eco,345,315,8.43,29
SV407,2027-02-11,RUH-DXB,B737,19:00,119,Eco,124,113,8.29,8
SV408,2027-02-12,JED-IST,B737,17:20,248,Eco+Biz,260,238,8.31,14
SV409,2027-02-13,JED-RUH,A320,05:50,230,Eco,235,220,5.96,11
SV410,2027-02-14,JED-IST,B787,22:00,212,Eco,221,203,8.0,17
SV411,2027-02-15,RUH-DXB,B777,19:10,239,Eco+Biz,250,227,8.92,16
SV412,2027-02-16,RUH-DXB,B777,20:10,154,Eco,163,152,6.3,10
SV413,2027-02-17,DMM-RUH,A320,19:10,196,Eco+Biz,202,185,8.35,12
SV414,2027-02-18,RUH-CAI,A320,15:50,164,Eco,174,161,7.05,9
SV415,2027-02-19,RUH-JED,A330,22:20,210,Eco+Biz,225,206,8.06,18
SV416,2027-02-20,DMM-RUH,A321,10:20,190,Eco,196,179,8.63,16
SV417,2027-02-21,RUH-JED,A321,09:10,172,Eco+Biz,180,164,8.46,12
SV418,2027-02-22,RUH-JED,B737,22:40,121,Eco,130,122,5.44,7
SV419,2027-02-23,DMM-RUH,A330,09:40,199,Eco+Biz,206,188,8.43,13
SV420,2027-02-24,RUH-JED,B737,17:50,191,Eco+Biz,203,186,8.22,10
SV421,2027-02-25,JED-IST,B787,18:40,123,Eco,131,122,6.13,10
SV422,2027-02-26,RUH-DXB,B777,07:30,245,Eco,260,241,7.16,11
SV423,2027-02-27,JED-IST,B737,09:40,178,Eco+Biz,184,170,7.39,9
SV424,2027-02-28,JED-RUH,A321,18:40,161,Eco+Biz,171,162,5.19,16
SV425,2027-03-01,RUH-JED,A320,21:10,237,Eco,254,239,5.74,11
SV426,2027-03-02,JED-RUH,B737,12:20,282,Eco+Biz,301,285,5.14,24
SV427,2027-03-03,JED-IST,B737,07:20,184,Eco,188,172,8.33,13
SV428,2027-03-04,JED-IST,B737,09:50,249,Eco,255,232,8.64,21
SV429,2027-03-05,JED-IST,A320,21:50,191,Eco,200,186,6.72,11
SV430,2027-03-06,JED-IST,A321,10:50,240,Eco+Biz,255,236,7.41,21
SV431,2027-03-07,JED-IST,B737,23:00,276,Eco+Biz,291,268,7.81,16
SV432,2027-03-08,RUH-JED,A320,06:50,258,Eco+Biz,264,246,6.54,19
SV433,2027-03-09,RUH-DXB,B777,11:40,187,Eco,199,185,7.03,13
SV434,2027-03-10,RUH-MED,A320,20:50,213,Eco,220,205,6.45,13
SV435,2027-03-11,RUH-MED,B737,20:10,154,Eco+Biz,166,155,6.33,10
SV436,2027-03-12,RUH-MED,B787,14:30,138,Eco,145,136,6.12,7
SV437,2027-03-13,RUH-JED,A321,19:30,161,Eco,171,158,7.29,10
SV438,2027-03-14,JED-RUH,B737,09:20,134,Eco+Biz,144,134,6.59,6
SV439,2027-03-15,RUH-DXB,B777,16:30,160,Eco,168,153,8.5,11
SV440,2027-03-16,RUH-DXB,A330,22:00,132,Eco,142,134,5.53,7
SV441,2027-03-17,RUH-CAI,A320,13:30,71,Eco,76,70,7.86,5
SV442,2027-03-18,RUH-JED,A320,14:30,84,Eco+Biz,89,81,8.82,5
SV443,2027-03-19,RUH-CAI,A321,10:20,151,Eco+Biz,156,147,5.24,12
SV444,2027-03-20,RUH-MED,B737,11:10,188,Eco,193,180,6.54,12
SV445,2027-03-21,JED-IST,B787,20:20,167,Eco,177,167,5.28,7
SV446,2027-03-22,RUH-JED,B787,21:30,120,Eco+Biz,129,119,7.67,9
SV447,2027-03-23,JED-RUH,A330,16:00,174,Eco,184,168,8.65,14
SV448,2027-03-24,RUH-CAI,A330,20:20,181,Eco,192,181,5.48,15
SV449,2027-03-25,DMM-RUH,A320,18:10,111,Eco+Biz,113,105,6.69,6
SV450,2027-03-26,RUH-MED,B737,17:20,186,Eco,196,185,5.17,9
SV451,2027-03-27,RUH-JED,A330,22:10,255,Eco,270,247,8.38,20
SV452,2027-03-28,RUH-DXB,A320,17:40,128,Eco,135,126,6.1,8
SV453,2027-03-29,JED-IST,B737,08:10,263,Eco+Biz,281,257,8.43,23
SV454,2027-03-30,RUH-CAI,B737,15:40,164,Eco+Biz,170,157,7.33,10
SV455,2027-03-31,DMM-RUH,A321,11:40,241,Eco,251,236,5.67,15
SV456,2027-04-01,JED-IST,A320,06:00,247,Eco,265,248,6.38,11
SV457,2027-04-02,RUH-DXB,B787,21:30,258,Eco,268,253,5.29,17
SV458,2027-04-03,JED-IST,A321,15:40,263,Eco,278,257,7.42,15
SV459,2027-04-04,RUH-CAI,A330,14:40,178,Eco,188,177,5.56,10
SV460,2027-04-05,DMM-RUH,A330,22:30,196,Eco+Biz,205,186,8.86,11
SV461,2027-04-06,RUH-DXB,B787,05:20,174,Eco,179,169,5.09,14
SV462,2027-04-07,RUH-JED,B787,23:20,157,Eco+Biz,162,148,8.6,9
SV463,2027-04-08,RUH-MED,B777,05:40,221,Eco,233,213,8.31,20
SV464,2027-04-09,RUH-MED,A330,23:10,159,Eco+Biz,171,159,6.56,9
SV465,2027-04-10,JED-IST,B787,10:40,108,Eco+Biz,113,104,7.17,9
SV466,2027-04-11,JED-IST,B787,09:50,188,Eco,196,183,6.21,10
SV467,2027-04-12,JED-IST,B777,08:10,169,Eco,175,159,8.87,11
SV468,2027-04-13,RUH-DXB,B787,09:30,151,Eco+Biz,159,150,5.56,10
SV469,2027-04-14,RUH-CAI,A330,20:50,60,Eco+Biz,64,58,8.52,4
SV470,2027-04-15,RUH-MED,A321,21:10,162,Eco,171,161,5.81,9
SV471,2027-04-16,RUH-MED,B787,21:30,338,Eco,349,318,8.86,33
SV472,2027-04-17,JED-RUH,B787,22:20,89,Eco,93,85,8.48,5
SV473,2027-04-18,RUH-MED,B777,13:40,196,Eco,203,185,8.51,17
SV474,2027-04-19,JED-RUH,B737,22:20,159,Eco,166,151,8.92,12
SV475,2027-04-20,RUH-DXB,B737,11:50,73,Eco+Biz,75,70,5.81,5
SV476,2027-04-21,RUH-DXB,B787,16:40,255,Eco+Biz,267,248,6.97,21
SV477,2027-04-22,DMM-RUH,B777,13:20,176,Eco,188,172,8.06,15
SV478,2027-04-23,RUH-MED,A330,17:30,197,Eco+Biz,203,191,5.44,17
SV479,2027-04-24,DMM-RUH,A321,14:00,215,Eco,227,207,8.71,10
SV480,2027-04-25,RUH-MED,A320,16:30,60,Eco+Biz,63,58,7.89,3
SV481,2027-04-26,RUH-MED,B787,11:10,121,Eco+Biz,129,121,6.12,7
SV482,2027-04-27,RUH-DXB,A330,13:10,97,Eco,98,89,8.99,8
SV483,2027-04-28,RUH-MED,A330,12:10,223,Eco,237,223,5.57,20
SV484,2027-04-29,JED-IST,A321,12:00,210,Eco,222,204,8.06,19
SV485,2027-04-30,RUH-DXB,B777,20:00,178,Eco+Biz,182,169,6.63,10
SV486,2027-05-01,JED-RUH,A320,22:10,127,Eco,132,124,5.44,11
SV487,2027-05-02,RUH-CAI,B787,11:20,66,Eco,67,62,7.0,5
SV488,2027-05-03,RUH-MED,A320,07:50,192,Eco,196,185,5.29,12
SV489,2027-05-04,JED-IST,B777,06:10,133,Eco,142,129,8.72,9
SV490,2027-05-05,DMM-RUH,A321,06:30,123,Eco+Biz,127,118,6.91,7
SV491,2027-05-06,JED-RUH,B777,14:00,183,Eco,190,175,7.59,11
SV492,2027-05-07,JED-IST,A330,08:20,196,Eco,205,191,6.8,15
SV493,2027-05-08,RUH-MED,A330,21:30,192,Eco+Biz,198,182,7.86,18
SV494,2027-05-09,JED-RUH,A330,19:20,150,Eco,157,145,7.08,8
SV495,2027-05-10,RUH-JED,B737,10:50,178,Eco,184,173,5.54,11
SV496,2027-05-11,RUH-DXB,B777,10:00,73,Eco+Biz,77,72,6.27,3
SV497,2027-05-12,DMM-RUH,B737,23:50,160,Eco+Biz,171,162,5.02,9
SV498,2027-05-13,JED-RUH,A330,17:30,189,Eco,196,185,5.41,11
SV499,2027-05-14,RUH-JED,B787,08:10,151,Eco+Biz,161,147,8.57,11
SV500,2027-05-15,RUH-CAI,B737,12:00,232,Eco,241,219,8.86,12
SV501,2027-05-16,JED-RUH,B787,13:20,60,Eco,63,58,7.82,1
SV502,2027-05-17,RUH-MED,A330,05:20,171,Eco+Biz,181,167,7.67,17
SV503,2027-05-18,RUH-MED,A321,06:50,185,Eco,192,181,5.42,16
SV504,2027-05-19,RUH-DXB,A321,17:50,191,Eco,195,182,6.44,17
SV505,2027-05-20,RUH-MED,B737,08:50,93,Eco+Biz,96,89,6.47,5
SV506,2027-05-21,RUH-DXB,B737,12:10,60,Eco+Biz,63,58,6.67,5
SV507,2027-05-22,RUH-CAI,A321,19:50,217,Eco+Biz,227,207,8.52,13
SV508,2027-05-23,RUH-DXB,B787,22:30,111,Eco+Biz,117,109,6.18,6
SV509,2027-05-24,DMM-RUH,B777,11:10,127,Eco+Biz,134,125,6.58,9
SV510,2027-05-25,JED-IST,A320,21:30,247,Eco,265,248,6.15,13
SV511,2027-05-26,RUH-DXB,A320,23:00,182,Eco,188,172,8.34,8
SV512,2027-05-27,JED-IST,A330,11:40,119,Eco,123,116,5.08,6
SV513,2027-05-28,JED-RUH,B737,21:30,60,Eco,63,58,7.38,2
SV514,2027-05-29,JED-RUH,B777,23:30,168,Eco,181,168,7.08,12
SV515,2027-05-30,JED-IST,B787,06:30,222,Eco,233,212,8.9,10
SV516,2027-05-31,RUH-CAI,B787,23:00,223,Eco,237,217,8.23,11
SV517,2027-06-01,RUH-MED,B737,05:30,186,Eco,193,180,6.49,7
SV518,2027-06-02,RUH-JED,B777,11:40,272,Eco,287,261,8.9,21
SV519,2027-06-03,RUH-CAI,B737,07:40,190,Eco+Biz,202,188,6.83,12
SV520,2027-06-04,RUH-JED,B787,06:20,194,Eco,198,186,5.91,11
SV521,2027-06-05,DMM-RUH,A321,18:20,169,Eco+Biz,172,156,8.83,17
SV522,2027-06-06,RUH-CAI,B787,17:30,279,Eco,301,279,7.18,24
SV523,2027-06-07,RUH-MED,A330,09:50,104,Eco+Biz,107,101,5.56,8
SV524,2027-06-08,RUH-JED,A321,22:30,143,Eco,150,141,5.59,13
SV525,2027-06-09,RUH-MED,A321,05:00,274,Eco+Biz,283,264,6.38,24
SV526,2027-06-10,RUH-CAI,B777,22:30,119,Eco,124,113,8.56,8
SV527,2027-06-11,DMM-RUH,A321,12:30,129,Eco,132,120,8.83,8
SV528,2027-06-12,RUH-DXB,A321,08:00,305,Eco+Biz,320,295,7.72,14
SV529,2027-06-13,RUH-CAI,A330,05:10,169,Eco,177,165,6.73,7
SV530,2027-06-14,RUH-JED,A330,06:30,262,Eco,274,258,5.84,15
SV531,2027-06-15,RUH-MED,A320,12:50,154,Eco,165,155,5.79,15
SV532,2027-06-16,RUH-CAI,A321,22:10,215,Eco+Biz,228,207,8.92,15
SV533,2027-06-17,DMM-RUH,A320,09:40,301,Eco+Biz,308,284,7.49,27
SV534,2027-06-18,JED-RUH,B777,23:20,98,Eco,104,95,8.63,9
SV535,2027-06-19,DMM-RUH,B777,15:10,205,Eco,218,205,5.65,15
SV536,2027-06-20,JED-RUH,B777,21:10,181,Eco,187,172,7.56,13
SV537,2027-06-21,RUH-DXB,A320,22:40,269,Eco+Biz,282,267,5.05,12
SV538,2027-06-22,JED-RUH,B777,18:40,201,Eco,216,203,5.91,14
SV539,2027-06-23,RUH-DXB,B777,17:40,232,Eco,246,232,5.38,13
SV540,2027-06-24,RUH-CAI,B787,09:20,152,Eco,159,146,7.65,7
SV541,2027-06-25,DMM-RUH,A330,20:10,224,Eco+Biz,241,228,5.18,18
SV542,2027-06-26,RUH-DXB,B777,09:30,169,Eco+Biz,176,161,8.02,16
SV543,2027-06-27,JED-IST,B787,18:40,68,Eco,72,67,6.0,4
SV544,2027-06-28,RUH-CAI,A321,13:10,240,Eco,254,238,5.96,15
SV545,2027-06-29,RUH-JED,B787,16:00,180,Eco,185,175,5.16,7
SV546,2027-06-30,DMM-RUH,A321,06:20,122,Eco,130,122,6.13,11
SV547,2027-07-01,JED-IST,A330,06:00,298,Eco,313,287,8.04,18
SV548,2027-07-02,DMM-RUH,A330,22:10,86,Eco,92,83,8.79,7
SV549,2027-07-03,DMM-RUH,B737,14:00,172,Eco,180,169,5.82,12
SV550,2027-07-04,JED-RUH,B777,08:50,270,Eco+Biz,280,256,8.42,13
SV551,2027-07-05,RUH-CAI,A321,11:30,60,Eco+Biz,64,58,8.34,3
SV552,2027-07-06,JED-IST,B737,14:30,191,Eco,203,187,7.62,12
SV553,2027-07-07,RUH-MED,B737,14:20,73,Eco,76,72,5.15,3
SV554,2027-07-08,RUH-CAI,B787,08:50,199,Eco,202,188,6.67,13
SV555,2027-07-09,DMM-RUH,B737,11:20,114,Eco,117,111,5.01,10
SV556,2027-07-10,RUH-JED,A330,12:50,114,Eco,117,108,7.65,10
SV557,2027-07-11,RUH-DXB,A330,23:40,76,Eco+Biz,79,72,7.85,6
SV558,2027-07-12,RUH-DXB,A321,11:20,139,Eco,144,131,8.61,13
SV559,2027-07-13,JED-IST,A321,20:40,144,Eco+Biz,151,139,7.64,7
SV560,2027-07-14,RUH-MED,B737,13:30,265,Eco+Biz,281,265,5.67,23
SV561,2027-07-15,RUH-MED,B777,20:30,219,Eco,227,209,7.86,16
SV562,2027-07-16,DMM-RUH,B737,10:10,89,Eco+Biz,93,86,7.04,6
SV563,2027-07-17,RUH-CAI,A321,22:50,212,Eco+Biz,225,209,6.85,21
SV564,2027-07-18,JED-IST,A320,07:50,233,Eco,247,226,8.45,16
SV565,2027-07-19,RUH-JED,B787,09:50,146,Eco,151,137,8.91,13
SV566,2027-07-20,RUH-MED,A321,05:10,113,Eco,120,111,7.25,10
SV567,2027-07-21,RUH-DXB,A320,20:50,114,Eco,121,111,7.94,6
SV568,2027-07-22,RUH-JED,A330,22:30,156,Eco,166,157,5.05,14
SV569,2027-07-23,JED-IST,B777,13:40,88,Eco+Biz,93,85,8.27,7
SV570,2027-07-24,RUH-JED,A330,18:10,158,Eco,161,149,7.02,14
SV571,2027-07-25,RUH-JED,A330,09:10,209,Eco,220,205,6.59,12
SV572,2027-07-26,JED-IST,B737,16:20,148,Eco+Biz,152,142,6.24,10
SV573,2027-07-27,RUH-JED,B737,17:30,243,Eco,251,232,7.5,20
SV574,2027-07-28,RUH-MED,A321,14:50,217,Eco+Biz,233,221,5.05,15
SV575,2027-07-29,RUH-JED,B777,06:00,73,Eco,75,70,6.41,5
SV576,2027-07-30,RUH-CAI,A330,20:00,204,Eco+Biz,217,202,6.62,11
SV577,2027-07-31,RUH-MED,A321,07:30,147,Eco+Biz,155,145,6.33,6
SV578,2027-08-01,RUH-MED,B737,23:00,77,Eco+Biz,82,75,7.57,5
SV579,2027-08-02,RUH-JED,A321,11:50,158,Eco+Biz,168,158,5.41,8
SV580,2027-08-03,RUH-CAI,B737,06:00,100,Eco+Biz,104,94,8.92,5
SV581,2027-08-04,RUH-DXB,A330,23:50,166,Eco,176,162,7.82,10
SV582,2027-08-05,DMM-RUH,B737,05:10,124,Eco,129,121,6.06,6
SV583,2027-08-06,DMM-RUH,B777,17:00,124,Eco,131,119,8.87,8
SV584,2027-08-07,JED-IST,A321,23:30,119,Eco+Biz,121,110,8.81,6
SV585,2027-08-08,JED-IST,B737,17:50,280,Eco,296,278,6.07,16
SV586,2027-08-09,RUH-MED,B777,07:40,260,Eco+Biz,269,248,7.7,21
SV587,2027-08-10,RUH-DXB,A320,08:30,112,Eco,118,108,8.46,9
SV588,2027-08-11,RUH-JED,B737,17:20,124,Eco,127,115,8.78,11
SV589,2027-08-12,RUH-DXB,B787,20:10,203,Eco,215,198,7.72,12
SV590,2027-08-13,RUH-CAI,B787,10:50,100,Eco,105,98,6.01,7
SV591,2027-08-14,RUH-CAI,A320,14:10,247,Eco+Biz,254,234,7.69,21
SV592,2027-08-15,RUH-JED,B737,09:30,159,Eco+Biz,162,151,6.73,8
SV593,2027-08-16,RUH-MED,A321,17:20,172,Eco,178,166,6.74,12
SV594,2027-08-17,RUH-JED,A320,14:30,229,Eco,241,223,7.45,17
SV595,2027-08-18,RUH-DXB,A320,09:00,149,Eco,153,139,8.51,10
SV596,2027-08-19,RUH-CAI,A330,22:40,195,Eco,201,189,5.86,10
SV597,2027-08-20,RUH-JED,A320,16:40,175,Eco,186,172,7.43,13
SV598,2027-08-21,JED-IST,B737,17:00,137,Eco,147,134,8.35,12
SV599,2027-08-22,RUH-CAI,A320,22:10,184,Eco,189,174,7.47,16
SV600,2027-08-23,JED-RUH,B777,17:10,224,Eco,235,222,5.27,16
SV601,2027-08-24,RUH-DXB,B737,20:10,244,Eco,252,235,6.47,23
SV602,2027-08-25,RUH-CAI,B737,18:20,321,Eco,342,318,6.82,23
SV603,2027-08-26,RUH-JED,B737,13:10,143,Eco+Biz,149,137,7.6,11
SV604,2027-08-27,RUH-CAI,A330,11:30,283,Eco,302,283,6.17,16
SV605,2027-08-28,RUH-DXB,A320,17:20,181,Eco+Biz,185,172,6.96,15
SV606,2027-08-29,RUH-CAI,B737,19:20,64,Eco,68,63,6.64,4
SV607,2027-08-30,DMM-RUH,B777,09:20,163,Eco,166,156,5.74,14
SV608,2027-08-31,RUH-MED,A321,20:20,163,Eco,174,160,7.74,7
SV609,2027-09-01,RUH-CAI,B737,14:50,114,Eco+Biz,119,110,7.14,6
SV610,2027-09-02,RUH-CAI,A330,12:20,130,Eco,139,127,8.16,8
SV611,2027-09-03,DMM-RUH,B787,16:00,172,Eco+Biz,179,166,7.02,17
SV612,2027-09-04,JED-RUH,A330,22:10,199,Eco+Biz,204,190,6.57,14
SV613,2027-09-05,JED-IST,A320,19:50,202,Eco,214,196,8.35,19
SV614,2027-09-06,DMM-RUH,B737,07:30,161,Eco+Biz,168,155,7.44,9
SV615,2027-09-07,JED-RUH,B777,14:10,213,Eco,220,207,5.47,10
SV616,2027-09-08,JED-RUH,B777,18:30,124,Eco,131,120,7.93,7
SV617,2027-09-09,JED-IST,B787,23:30,137,Eco,140,131,5.89,10
SV618,2027-09-10,DMM-RUH,B777,18:40,104,Eco,107,101,5.23,6
SV619,2027-09-11,RUH-DXB,B777,22:40,241,Eco+Biz,251,234,6.72,18
SV620,2027-09-12,RUH-JED,A320,12:50,305,Eco+Biz,323,304,5.69,21
SV621,2027-09-13,JED-RUH,B777,06:40,199,Eco+Biz,209,197,5.46,13
SV622,2027-09-14,RUH-MED,B777,17:20,235,Eco+Biz,244,230,5.57,18
SV623,2027-09-15,RUH-CAI,A320,05:00,231,Eco,238,221,7.03,13
SV624,2027-09-16,JED-IST,B777,21:40,165,Eco,176,166,5.28,11
SV625,2027-09-17,JED-IST,A321,19:20,267,Eco,276,262,5.04,22
SV626,2027-09-18,DMM-RUH,B777,23:50,239,Eco,255,233,8.29,21
SV627,2027-09-19,RUH-DXB,A320,20:00,245,Eco,256,241,5.73,23
SV628,2027-09-20,RUH-JED,A320,09:20,142,Eco,148,140,5.3,10
SV629,2027-09-21,RUH-CAI,A321,21:30,177,Eco,181,165,8.51,11
SV630,2027-09-22,RUH-JED,B787,19:20,183,Eco,197,186,5.27,13
SV631,2027-09-23,RUH-JED,B777,08:00,252,Eco+Biz,263,239,8.99,18
SV632,2027-09-24,RUH-MED,A320,10:50,150,Eco,154,144,6.4,8
SV633,2027-09-25,JED-RUH,A330,10:20,143,Eco,152,140,7.63,10
SV634,2027-09-26,RUH-CAI,A321,17:50,60,Eco,61,56,7.65,3
SV635,2027-09-27,RUH-MED,B777,18:30,215,Eco,226,214,5.27,18
SV636,2027-09-28,JED-IST,A321,19:40,220,Eco,234,215,8.01,19
SV637,2027-09-29,RUH-JED,B777,11:10,204,Eco,215,197,7.97,9
SV638,2027-09-30,RUH-MED,A320,23:00,128,Eco+Biz,137,126,8.0,12
SV639,2027-10-01,JED-IST,A321,16:20,281,Eco,301,278,7.32,20
SV640,2027-10-02,RUH-JED,B737,20:40,244,Eco+Biz,255,234,7.87,13
SV641,2027-10-03,RUH-DXB,A330,17:40,114,Eco,117,109,6.7,10
SV642,2027-10-04,RUH-JED,B737,16:30,132,Eco+Biz,136,128,5.31,10
SV643,2027-10-05,DMM-RUH,B777,14:40,210,Eco,224,210,6.09,16
SV644,2027-10-06,RUH-MED,A321,15:00,241,Eco,259,239,7.55,14
SV645,2027-10-07,RUH-JED,A321,16:50,215,Eco,222,205,7.38,13
SV646,2027-10-08,RUH-CAI,B787,09:40,123,Eco,131,120,8.11,9
SV647,2027-10-09,JED-RUH,B787,22:50,195,Eco+Biz,203,189,6.73,8
SV648,2027-10-10,JED-RUH,A330,10:30,147,Eco,150,137,8.52,9
SV649,2027-10-11,JED-RUH,B737,19:40,185,Eco,192,175,8.59,16
SV650,2027-10-12,RUH-DXB,A320,20:10,164,Eco,176,160,8.98,15
SV651,2027-10-13,RUH-CAI,A330,21:50,208,Eco,212,200,5.38,19
SV652,2027-10-14,RUH-MED,B787,18:50,87,Eco+Biz,92,84,8.23,8
SV653,2027-10-15,RUH-CAI,A321,07:40,118,Eco,120,112,6.44,10
SV654,2027-10-16,DMM-RUH,A321,14:00,165,Eco,171,157,7.62,7
SV655,2027-10-17,JED-IST,B737,10:30,217,Eco,231,219,5.16,19
SV656,2027-10-18,DMM-RUH,B787,22:40,259,Eco,272,251,7.5,23
SV657,2027-10-19,RUH-JED,B737,22:20,188,Eco,200,186,6.77,15
SV658,2027-10-20,DMM-RUH,A320,19:40,181,Eco,187,173,7.39,18
SV659,2027-10-21,RUH-CAI,A320,12:20,202,Eco+Biz,208,189,8.98,19
SV660,2027-10-22,RUH-JED,B787,13:20,60,Eco+Biz,64,58,7.86,3
SV661,2027-10-23,RUH-JED,B787,08:10,297,Eco,315,294,6.49,25
SV662,2027-10-24,RUH-MED,A330,16:50,149,Eco+Biz,156,143,7.76,12
SV663,2027-10-25,RUH-CAI,A321,09:10,135,Eco+Biz,142,131,7.4,8
SV664,2027-10-26,DMM-RUH,A320,23:20,150,Eco,157,144,7.67,12
SV665,2027-10-27,JED-IST,A330,10:20,273,Eco+Biz,292,268,8.21,26
SV666,2027-10-28,RUH-DXB,B737,23:20,231,Eco+Biz,242,226,6.61,12
SV667,2027-10-29,JED-IST,B777,08:10,203,Eco+Biz,214,198,7.37,11
SV668,2027-10-30,DMM-RUH,B787,06:20,167,Eco+Biz,170,158,6.69,8
SV669,2027-10-31,JED-RUH,B777,09:10,112,Eco,120,109,8.54,6
SV670,2027-11-01,RUH-DXB,A321,17:30,217,Eco,225,206,8.21,19
SV671,2027-11-02,RUH-MED,B737,18:30,195,Eco,210,195,6.86,16
SV672,2027-11-03,RUH-MED,A320,17:40,229,Eco+Biz,238,225,5.27,24
SV673,2027-11-04,RUH-MED,B737,19:30,167,Eco,171,161,5.84,9
SV674,2027-11-05,RUH-JED,B777,07:50,135,Eco+Biz,139,131,5.4,6
SV675,2027-11-06,RUH-MED,B777,16:00,176,Eco+Biz,182,167,8.19,10
SV676,2027-11-07,RUH-CAI,A321,18:10,208,Eco,215,203,5.52,11
SV677,2027-11-08,RUH-DXB,B737,15:40,152,Eco,156,143,8.24,7
SV678,2027-11-09,JED-IST,B787,15:50,190,Eco+Biz,203,191,5.62,9
SV679,2027-11-10,RUH-JED,A320,19:00,214,Eco,228,215,5.55,16
SV680,2027-11-11,DMM-RUH,A321,19:30,72,Eco,74,68,7.5,4
SV681,2027-11-12,RUH-CAI,A321,09:50,175,Eco,181,165,8.29,8
SV682,2027-11-13,DMM-RUH,B737,07:50,130,Eco,136,125,7.9,10
SV683,2027-11-14,RUH-JED,B737,10:00,208,Eco,216,200,7.15,20
SV684,2027-11-15,RUH-DXB,B777,12:30,202,Eco+Biz,216,201,6.49,11
SV685,2027-11-16,RUH-MED,A320,05:10,176,Eco,184,168,8.35,12
SV686,2027-11-17,JED-RUH,A330,12:40,282,Eco+Biz,294,275,6.31,21
SV687,2027-11-18,RUH-JED,A320,15:00,165,Eco+Biz,177,166,5.7,12
SV688,2027-11-19,RUH-CAI,B777,09:30,162,Eco,169,156,7.58,9
SV689,2027-11-20,RUH-CAI,A320,08:00,268,Eco,275,254,7.28,14
SV690,2027-11-21,RUH-DXB,A321,17:10,109,Eco+Biz,112,105,5.73,8
SV691,2027-11-22,RUH-MED,A321,07:40,113,Eco,117,107,8.19,6
SV692,2027-11-23,JED-IST,B777,10:30,193,Eco,203,185,8.38,15
SV693,2027-11-24,JED-RUH,B777,09:30,113,Eco+Biz,116,106,8.5,5
SV694,2027-11-25,RUH-CAI,A321,07:00,220,Eco,224,204,8.48,19
SV695,2027-11-26,RUH-JED,A330,17:20,141,Eco+Biz,147,137,6.4,6
SV696,2027-11-27,RUH-DXB,A321,12:20,207,Eco+Biz,222,210,5.16,11
SV697,2027-11-28,JED-RUH,A330,14:50,197,Eco,206,191,6.87,15
SV698,2027-11-29,DMM-RUH,B777,14:10,168,Eco,176,164,6.72,15
SV699,2027-11-30,JED-IST,A321,17:20,148,Eco+Biz,158,149,5.68,6
SV700,2027-12-01,DMM-RUH,A321,20:30,263,Eco,273,253,7.04,22
SV701,2027-12-02,RUH-CAI,B777,07:40,210,Eco+Biz,214,203,5.14,15
SV702,2027-12-03,RUH-JED,B737,15:10,350,Eco,374,352,5.64,16
SV703,2027-12-04,DMM-RUH,A330,18:20,145,Eco,153,143,6.12,7
SV704,2027-12-05,JED-RUH,B787,07:00,199,Eco,212,198,6.57,15
SV705,2027-12-06,RUH-JED,B737,11:00,136,Eco+Biz,144,133,7.26,12
SV706,2027-12-07,DMM-RUH,B787,21:20,225,Eco+Biz,230,218,5.08,20
SV707,2027-12-08,JED-IST,B787,18:50,136,Eco,141,133,5.12,13
SV708,2027-12-09,RUH-MED,A330,22:40,224,Eco,241,226,6.06,18
SV709,2027-12-10,RUH-JED,B737,07:40,232,Eco+Biz,249,227,8.54,18
SV710,2027-12-11,DMM-RUH,A321,22:20,152,Eco,157,143,8.85,7
SV711,2027-12-12,RUH-MED,B777,07:20,232,Eco+Biz,250,234,6.25,12
SV712,2027-12-13,RUH-MED,A321,06:10,268,Eco,280,263,6.04,19
SV713,2027-12-14,RUH-CAI,A320,19:40,218,Eco+Biz,223,211,5.37,12
SV714,2027-12-15,RUH-DXB,B777,10:00,168,Eco,172,156,8.87,11
SV715,2027-12-16,JED-RUH,B777,05:10,168,Eco,178,163,8.0,14
SV716,2027-12-17,RUH-DXB,A330,21:50,82,Eco,88,80,8.27,5
SV717,2027-12-18,RUH-DXB,A321,13:50,123,Eco+Biz,128,117,8.54,12
SV718,2027-12-19,DMM-RUH,A320,15:30,284,Eco,295,272,7.76,15
SV719,2027-12-20,RUH-JED,B737,23:50,148,Eco,154,141,8.32,8
SV720,2027-12-21,RUH-CAI,A330,16:00,116,Eco,122,114,6.15,7
SV721,2027-12-22,JED-IST,A321,16:10,97,Eco,99,93,5.47,7
SV722,2027-12-23,RUH-JED,A330,08:10,299,Eco+Biz,311,286,7.93,26
SV723,2027-12-24,RUH-JED,A320,05:10,195,Eco,206,188,8.59,12
SV724,2027-12-25,RUH-DXB,B787,09:10,256,Eco+Biz,261,239,8.31,20
SV725,2027-12-26,DMM-RUH,A320,22:50,112,Eco+Biz,115,104,8.92,5
SV726,2027-12-27,RUH-CAI,A321,15:10,324,Eco,342,314,7.96,17
SV727,2027-12-28,RUH-MED,B737,13:00,122,Eco,125,115,7.27,8
SV728,2027-12-29,RUH-JED,A330,06:10,184,Eco,196,178,8.93,12
SV729,2027-12-30,JED-IST,A320,17:00,65,Eco+Biz,66,62,5.21,5
SV730,2027-12-31,DMM-RUH,B737,14:20,128,Eco,132,122,7.46,7
SV731,2028-01-01,RUH-CAI,A320,16:10,244,Eco,260,242,6.91,15
SV732,2028-01-02,DMM-RUH,B737,12:30,151,Eco,161,150,6.31,7
SV733,2028-01-03,RUH-CAI,A321,22:10,88,Eco,94,88,5.88,6
SV734,2028-01-04,RUH-CAI,A320,12:40,60,Eco,64,59,6.54,3
SV735,2028-01-05,DMM-RUH,B777,05:20,191,Eco,200,189,5.13,13
SV736,2028-01-06,RUH-MED,B787,14:00,206,Eco,212,195,7.63,20
SV737,2028-01-07,JED-RUH,B787,20:00,159,Eco+Biz,166,156,5.47,13
SV738,2028-01-08,JED-RUH,B777,13:00,190,Eco,201,190,5.31,12
SV739,2028-01-09,JED-RUH,A330,18:50,249,Eco+Biz,266,246,7.45,15
SV740,2028-01-10,RUH-CAI,B777,07:40,159,Eco,163,152,6.42,11
SV741,2028-01-11,JED-RUH,B777,17:00,146,Eco,152,143,5.73,8
SV742,2028-01-12,RUH-JED,B787,09:10,192,Eco,196,182,6.68,12
SV743,2028-01-13,DMM-RUH,B737,17:50,89,Eco+Biz,93,85,7.93,7
SV744,2028-01-14,RUH-DXB,B737,19:20,199,Eco,213,194,8.74,19
SV745,2028-01-15,JED-RUH,A321,23:00,103,Eco,109,101,7.13,7
SV746,2028-01-16,JED-RUH,B787,19:20,282,Eco,300,275,8.3,17
SV747,2028-01-17,JED-IST,B737,11:30,252,Eco,263,245,6.52,22
SV748,2028-01-18,RUH-DXB,A320,07:10,188,Eco+Biz,201,187,6.94,13
SV749,2028-01-19,RUH-DXB,B777,06:10,70,Eco+Biz,71,66,6.09,4
SV750,2028-01-20,RUH-DXB,A321,07:50,225,Eco,242,226,6.58,17
SV751,2028-01-21,RUH-DXB,B787,21:00,242,Eco+Biz,260,242,6.6,19
SV752,2028-01-22,RUH-DXB,A321,05:30,215,Eco+Biz,232,220,5.1,16
SV753,2028-01-23,JED-IST,B777,22:10,136,Eco,146,137,5.72,9
SV754,2028-01-24,RUH-JED,A321,08:00,201,Eco,208,193,7.19,12
SV755,2028-01-25,DMM-RUH,A321,09:10,161,Eco+Biz,171,156,8.59,7
SV756,2028-01-26,RUH-DXB,B777,07:40,107,Eco,109,103,5.07,8
SV757,2028-01-27,DMM-RUH,A320,05:00,150,Eco,153,140,8.34,12
SV758,2028-01-28,RUH-MED,B787,09:00,143,Eco+Biz,147,134,8.47,12
SV759,2028-01-29,DMM-RUH,B737,08:00,65,Eco+Biz,66,61,7.33,2
SV760,2028-01-30,RUH-JED,A321,23:30,259,Eco+Biz,268,254,5.16,19
SV761,2028-01-31,RUH-CAI,B787,05:30,182,Eco+Biz,188,173,7.84,12
SV762,2028-02-01,JED-RUH,B737,11:10,206,Eco,214,198,7.2,9
SV763,2028-02-02,RUH-CAI,A321,06:40,205,Eco+Biz,211,198,5.9,19
SV764,2028-02-03,JED-RUH,B777,14:30,208,Eco,213,198,6.8,14
SV765,2028-02-04,JED-IST,B787,06:00,60,Eco,62,57,6.58,3
SV766,2028-02-05,JED-RUH,B787,11:50,157,Eco+Biz,165,151,8.22,12
SV767,2028-02-06,JED-IST,A321,22:00,152,Eco+Biz,158,147,6.63,10
SV768,2028-02-07,DMM-RUH,B777,16:30,138,Eco,141,131,6.57,9
SV769,2028-02-08,RUH-CAI,B737,23:40,100,Eco,107,97,8.58,5
SV770,2028-02-09,RUH-DXB,A321,05:20,226,Eco,236,221,5.96,19
SV771,2028-02-10,RUH-JED,B737,06:30,238,Eco,248,234,5.63,19
SV772,2028-02-11,DMM-RUH,A330,12:10,211,Eco,223,209,6.08,13
SV773,2028-02-12,RUH-MED,A321,13:40,233,Eco+Biz,249,233,6.16,17
SV774,2028-02-13,RUH-MED,A320,12:40,289,Eco+Biz,301,280,6.71,19
SV775,2028-02-14,DMM-RUH,B787,16:10,157,Eco,168,154,7.76,14
SV776,2028-02-15,JED-IST,B737,16:40,206,Eco,219,207,5.06,16
SV777,2028-02-16,RUH-MED,B737,23:40,122,Eco,130,122,6.01,9
SV778,2028-02-17,JED-RUH,B787,22:20,139,Eco,142,129,8.92,11
SV779,2028-02-18,RUH-JED,A320,06:10,251,Eco+Biz,264,244,7.41,21
SV780,2028-02-19,RUH-JED,A330,20:00,109,Eco,113,106,6.1,8
SV781,2028-02-20,JED-IST,A321,09:20,116,Eco+Biz,122,112,7.99,5
SV782,2028-02-21,DMM-RUH,B737,06:00,225,Eco,231,213,7.42,18
SV783,2028-02-22,RUH-MED,A321,08:40,129,Eco+Biz,135,123,8.72,8
SV784,2028-02-23,RUH-JED,B737,17:40,254,Eco,259,245,5.33,12
SV785,2028-02-24,RUH-DXB,B737,09:10,115,Eco+Biz,121,114,5.7,7
SV786,2028-02-25,RUH-CAI,B777,20:50,294,Eco,316,299,5.2,27
SV787,2028-02-26,RUH-MED,A330,16:10,180,Eco+Biz,184,174,5.36,13
SV788,2028-02-27,DMM-RUH,A321,17:20,350,Eco+Biz,376,351,6.63,21
SV789,2028-02-28,RUH-DXB,A321,10:50,193,Eco,204,186,8.6,17
SV790,2028-02-29,RUH-MED,A330,17:40,68,Eco,72,65,8.78,3
SV791,2028-03-01,JED-IST,B737,12:50,127,Eco,134,123,7.53,8
SV792,2028-03-02,RUH-CAI,A321,15:50,137,Eco,145,135,6.29,10
SV793,2028-03-03,RUH-DXB,B737,10:50,127,Eco+Biz,130,119,8.33,11
SV794,2028-03-04,RUH-JED,B777,15:30,157,Eco,161,150,6.61,14
SV795,2028-03-05,JED-RUH,A321,07:20,125,Eco,129,122,5.05,10
SV796,2028-03-06,RUH-JED,B777,05:00,261,Eco,281,260,7.26,17
SV797,2028-03-07,RUH-MED,B787,10:30,60,Eco,63,58,6.55,2
SV798,2028-03-08,RUH-CAI,B737,22:30,232,Eco,241,228,5.39,15
SV799,2028-03-09,RUH-CAI,A330,12:10,265,Eco,284,258,8.98,21
SV800,2028-03-10,DMM-RUH,A320,14:00,60,Eco,62,58,6.22,4
SV801,2028-03-11,RUH-JED,A320,15:10,110,Eco+Biz,113,104,7.53,6
SV802,2028-03-12,JED-RUH,B777,07:40,248,Eco+Biz,263,242,7.8,22
SV803,2028-03-13,RUH-JED,B737,20:50,285,Eco,301,283,5.75,12
SV804,2028-03-14,RUH-MED,A321,18:10,179,Eco,187,173,7.47,14
SV805,2028-03-15,RUH-DXB,A321,11:30,176,Eco+Biz,185,171,7.17,7
SV806,2028-03-16,RUH-MED,B777,22:20,121,Eco+Biz,124,114,7.34,7
SV807,2028-03-17,RUH-DXB,A321,08:00,246,Eco,251,233,6.99,18
SV808,2028-03-18,JED-IST,B787,09:00,208,Eco,216,199,7.45,20
SV809,2028-03-19,RUH-CAI,A320,14:50,275,Eco+Biz,286,264,7.56,17
SV810,2028-03-20,RUH-CAI,A321,08:00,214,Eco,227,210,7.23,16
SV811,2028-03-21,RUH-MED,B737,07:30,118,Eco+Biz,125,116,6.58,10
SV812,2028-03-22,RUH-DXB,B787,20:30,253,Eco+Biz,264,240,8.74,13
SV813,2028-03-23,RUH-DXB,A320,22:30,205,Eco,213,201,5.25,13
SV814,2028-03-24,RUH-CAI,B737,10:30,184,Eco,189,174,7.63,17
SV815,2028-03-25,RUH-CAI,B787,13:10,110,Eco+Biz,112,102,8.53,6
SV816,2028-03-26,JED-IST,A320,09:50,78,Eco+Biz,82,76,6.77,4
SV817,2028-03-27,RUH-JED,B777,16:40,204,Eco,209,194,6.91,16
SV818,2028-03-28,DMM-RUH,A330,12:40,187,Eco,195,182,6.35,9
SV819,2028-03-29,RUH-CAI,A330,18:40,210,Eco+Biz,216,204,5.23,16
SV820,2028-03-30,RUH-CAI,A330,12:30,136,Eco,145,134,7.31,9
SV821,2028-03-31,RUH-CAI,B777,06:40,131,Eco,138,126,8.63,8
SV822,2028-04-01,JED-IST,A330,09:00,184,Eco+Biz,189,178,5.61,13
SV823,2028-04-02,RUH-CAI,A321,10:10,210,Eco+Biz,224,212,5.32,15
SV824,2028-04-03,JED-RUH,A320,18:00,269,Eco+Biz,287,263,8.13,18
SV825,2028-04-04,RUH-CAI,A321,09:40,206,Eco,217,198,8.74,17
SV826,2028-04-05,RUH-MED,A320,07:30,60,Eco,64,58,8.8,2
SV827,2028-04-06,JED-IST,B737,13:40,139,Eco,145,134,7.58,7
SV828,2028-04-07,DMM-RUH,A320,23:40,155,Eco+Biz,163,148,8.61,9
SV829,2028-04-08,RUH-JED,B787,09:10,143,Eco,152,139,8.31,10
SV830,2028-04-09,JED-IST,A320,08:40,175,Eco+Biz,186,172,7.22,15
SV831,2028-04-10,DMM-RUH,B737,22:20,207,Eco+Biz,216,196,8.83,15
SV832,2028-04-11,RUH-DXB,B787,20:40,260,Eco+Biz,268,247,7.5,18
SV833,2028-04-12,RUH-JED,A321,13:30,188,Eco,200,185,7.09,11
SV834,2028-04-13,JED-IST,B777,17:00,143,Eco,146,136,6.77,6
SV835,2028-04-14,RUH-DXB,B777,12:00,151,Eco+Biz,154,143,6.59,10
SV836,2028-04-15,RUH-DXB,B737,05:20,104,Eco+Biz,108,98,8.36,5
SV837,2028-04-16,RUH-DXB,B737,13:30,281,Eco+Biz,301,279,7.23,24
SV838,2028-04-17,RUH-MED,A320,12:10,293,Eco,300,284,5.18,17
SV839,2028-04-18,RUH-MED,B787,15:20,155,Eco+Biz,166,152,8.37,7
SV840,2028-04-19,JED-IST,B777,07:10,187,Eco,192,181,5.51,9
SV841,2028-04-20,DMM-RUH,B787,20:40,136,Eco+Biz,146,134,7.74,11
SV842,2028-04-21,DMM-RUH,A320,21:10,102,Eco,106,98,7.22,4
SV843,2028-04-22,RUH-MED,A330,17:10,249,Eco+Biz,260,241,6.96,14
SV844,2028-04-23,JED-IST,A330,05:10,263,Eco,273,257,5.71,16
SV845,2028-04-24,DMM-RUH,A321,06:10,271,Eco,281,262,6.57,14
SV846,2028-04-25,RUH-JED,B737,11:20,219,Eco,225,206,8.19,17
SV847,2028-04-26,RUH-CAI,A330,17:50,228,Eco+Biz,233,218,6.12,15
SV848,2028-04-27,RUH-MED,A320,12:20,177,Eco,191,179,5.96,17
SV849,2028-04-28,RUH-CAI,A321,20:40,149,Eco,155,141,8.91,8
SV850,2028-04-29,RUH-DXB,A321,13:50,97,Eco+Biz,100,92,7.92,6
SV851,2028-04-30,RUH-JED,B737,05:30,206,Eco,220,208,5.24,15
SV852,2028-05-01,DMM-RUH,A330,11:10,208,Eco+Biz,217,201,7.19,14
SV853,2028-05-02,RUH-MED,A321,13:50,122,Eco,125,117,5.63,12
SV854,2028-05-03,RUH-JED,B777,05:30,277,Eco+Biz,297,270,8.97,15
SV855,2028-05-04,RUH-MED,A321,05:10,168,Eco,175,163,6.43,13
SV856,2028-05-05,DMM-RUH,B737,13:30,304,Eco+Biz,313,291,6.89,23
SV857,2028-05-06,DMM-RUH,B737,19:20,220,Eco,224,209,6.42,19
SV858,2028-05-07,RUH-DXB,B777,21:40,131,Eco,135,124,7.78,10
SV859,2028-05-08,RUH-JED,A320,21:50,221,Eco+Biz,231,218,5.53,13
SV860,2028-05-09,DMM-RUH,B737,22:50,267,Eco,281,261,7.05,13
SV861,2028-05-10,RUH-DXB,B737,08:30,69,Eco,73,69,5.1,5
SV862,2028-05-11,RUH-DXB,B777,15:20,178,Eco,183,170,6.89,10
SV863,2028-05-12,RUH-MED,B777,14:10,60,Eco,63,57,8.59,2
SV864,2028-05-13,DMM-RUH,A321,06:40,251,Eco,268,248,7.31,23
SV865,2028-05-14,RUH-DXB,B777,09:50,162,Eco,172,157,8.65,11
SV866,2028-05-15,RUH-CAI,B737,13:30,258,Eco,267,251,5.79,14
SV867,2028-05-16,RUH-MED,A320,23:50,307,Eco+Biz,320,296,7.46,13
SV868,2028-05-17,DMM-RUH,A321,15:50,259,Eco+Biz,266,247,7.07,14
SV869,2028-05-18,RUH-MED,A330,20:50,254,Eco,259,239,7.6,22
SV870,2028-05-19,RUH-DXB,A321,22:10,156,Eco,167,158,5.08,9
SV871,2028-05-20,RUH-CAI,A321,13:50,318,Eco+Biz,337,310,7.72,33
SV872,2028-05-21,DMM-RUH,A321,15:50,91,Eco,96,90,6.15,6
SV873,2028-05-22,RUH-DXB,A321,14:30,200,Eco+Biz,207,194,5.88,12
SV874,2028-05-23,RUH-DXB,B737,13:40,166,Eco,174,160,7.7,10
SV875,2028-05-24,DMM-RUH,A320,20:00,133,Eco+Biz,138,129,5.84,13
SV876,2028-05-25,JED-IST,A330,07:30,244,Eco+Biz,262,245,6.21,22
SV877,2028-05-26,JED-IST,A320,17:40,120,Eco,127,116,7.92,8
SV878,2028-05-27,RUH-JED,A321,09:10,162,Eco,170,159,6.25,11
SV879,2028-05-28,JED-IST,B787,09:20,129,Eco+Biz,134,125,6.08,8
SV880,2028-05-29,JED-RUH,A320,20:20,225,Eco+Biz,241,225,6.48,21
SV881,2028-05-30,JED-RUH,B737,06:00,159,Eco,171,159,6.51,8
SV882,2028-05-31,JED-RUH,A321,23:10,202,Eco,211,199,5.44,11
SV883,2028-06-01,DMM-RUH,A320,09:40,195,Eco,202,184,8.43,18
SV884,2028-06-02,RUH-CAI,B787,18:30,192,Eco,197,181,7.76,18
SV885,2028-06-03,RUH-JED,A330,11:50,180,Eco,190,176,7.04,8
SV886,2028-06-04,RUH-JED,B737,21:10,60,Eco,64,58,8.45,3
SV887,2028-06-05,RUH-JED,B777,12:10,251,Eco+Biz,267,244,8.25,23
SV888,2028-06-06,RUH-DXB,B737,09:00,104,Eco,111,104,5.53,8
SV889,2028-06-07,JED-IST,B737,10:00,111,Eco+Biz,119,112,5.68,5
SV890,2028-06-08,RUH-DXB,B737,19:50,229,Eco,240,219,8.4,14
SV891,2028-06-09,JED-IST,B737,18:50,190,Eco+Biz,195,179,7.88,14
SV892,2028-06-10,RUH-DXB,B787,16:10,253,Eco,265,242,8.31,24
SV893,2028-06-11,DMM-RUH,B787,05:10,253,Eco,263,240,8.52,19
SV894,2028-06-12,JED-RUH,A321,05:40,243,Eco,253,231,8.55,14
SV895,2028-06-13,RUH-JED,B737,06:30,243,Eco+Biz,251,235,6.0,21
SV896,2028-06-14,RUH-DXB,A330,06:40,267,Eco+Biz,284,265,6.57,11
SV897,2028-06-15,RUH-MED,A320,05:00,205,Eco+Biz,213,199,6.43,13
SV898,2028-06-16,RUH-CAI,B787,17:00,182,Eco,190,173,8.52,13
SV899,2028-06-17,RUH-CAI,B777,09:10,169,Eco+Biz,179,165,7.38,11
SV900,2028-06-18,RUH-MED,A320,14:30,173,Eco+Biz,184,173,5.78,15
SV901,2028-06-19,RUH-MED,A330,13:40,108,Eco+Biz,111,102,8.01,7
SV902,2028-06-20,JED-RUH,B787,08:40,60,Eco+Biz,63,57,8.98,4
SV903,2028-06-21,RUH-JED,B737,08:00,152,Eco,156,145,6.67,7
SV904,2028-06-22,JED-IST,A321,13:40,170,Eco+Biz,182,166,8.38,13
SV905,2028-06-23,RUH-DXB,B777,18:20,199,Eco,208,196,5.48,14
SV906,2028-06-24,JED-IST,B787,11:50,190,Eco+Biz,198,183,7.49,14
SV907,2028-06-25,RUH-DXB,A321,05:00,255,Eco+Biz,265,247,6.78,21
SV908,2028-06-26,RUH-JED,A330,20:10,153,Eco+Biz,163,149,8.46,7
SV909,2028-06-27,DMM-RUH,A330,07:50,196,Eco+Biz,205,186,8.95,15
SV910,2028-06-28,RUH-DXB,B777,12:30,178,Eco+Biz,187,170,8.97,14
SV911,2028-06-29,RUH-DXB,B737,19:00,121,Eco,123,114,6.61,8
SV912,2028-06-30,JED-RUH,A320,14:20,258,Eco+Biz,268,245,8.31,11
SV913,2028-07-01,RUH-DXB,B787,08:00,133,Eco+Biz,136,128,5.75,9
SV914,2028-07-02,RUH-JED,A320,09:50,134,Eco+Biz,140,130,6.51,12
SV915,2028-07-03,RUH-DXB,B737,19:40,60,Eco,61,55,8.81,1
SV916,2028-07-04,RUH-MED,A320,16:20,174,Eco,180,168,6.28,10
SV917,2028-07-05,RUH-CAI,B787,19:20,198,Eco+Biz,203,192,5.28,16
SV918,2028-07-06,RUH-MED,B787,18:50,126,Eco+Biz,134,124,7.18,7
SV919,2028-07-07,JED-RUH,A320,09:50,215,Eco+Biz,221,202,8.42,10
SV920,2028-07-08,DMM-RUH,A321,08:30,155,Eco+Biz,165,150,8.74,15
SV921,2028-07-09,RUH-CAI,A330,19:10,170,Eco+Biz,176,165,6.16,11
SV922,2028-07-10,DMM-RUH,B737,05:50,192,Eco+Biz,202,190,5.64,14
SV923,2028-07-11,RUH-MED,A321,20:30,182,Eco,194,178,7.96,13
SV924,2028-07-12,RUH-CAI,B787,06:00,61,Eco,64,60,5.35,3
SV925,2028-07-13,RUH-DXB,A320,21:50,157,Eco,161,150,6.57,14
SV926,2028-07-14,JED-IST,A321,15:40,172,Eco,183,173,5.43,16
SV927,2028-07-15,RUH-MED,A330,08:30,139,Eco+Biz,147,138,5.77,8
SV928,2028-07-16,JED-RUH,B787,16:50,250,Eco+Biz,268,245,8.55,21
SV929,2028-07-17,RUH-CAI,A321,22:40,167,Eco,173,159,7.54,9
SV930,2028-07-18,RUH-MED,A321,21:30,148,Eco+Biz,156,143,8.26,8
SV931,2028-07-19,DMM-RUH,A321,07:30,143,Eco,148,136,7.57,11
SV932,2028-07-20,RUH-DXB,B737,06:40,137,Eco,142,130,8.3,7
SV933,2028-07-21,RUH-MED,B787,17:10,148,Eco,151,138,8.53,9
SV934,2028-07-22,RUH-CAI,A330,19:00,209,Eco+Biz,213,196,7.76,11
SV935,2028-07-23,RUH-CAI,B737,08:30,96,Eco+Biz,100,94,5.32,4
SV936,2028-07-24,RUH-JED,A320,17:30,215,Eco,220,200,8.64,10
SV937,2028-07-25,JED-IST,A320,07:40,157,Eco+Biz,168,158,5.65,14
SV938,2028-07-26,RUH-MED,B737,21:40,136,Eco,144,133,7.19,12
SV939,2028-07-27,RUH-MED,B787,15:20,96,Eco+Biz,98,89,8.67,5
SV940,2028-07-28,DMM-RUH,A321,19:20,189,Eco,201,188,6.36,18
SV941,2028-07-29,JED-IST,A330,20:50,237,Eco+Biz,242,227,6.03,15
SV942,2028-07-30,RUH-MED,B787,08:00,194,Eco+Biz,206,188,8.68,12
SV943,2028-07-31,JED-RUH,A320,15:20,176,Eco+Biz,184,172,6.41,16
SV944,2028-08-01,DMM-RUH,B737,22:40,212,Eco,225,206,8.25,12
SV945,2028-08-02,RUH-JED,A320,10:30,156,Eco,166,151,8.76,12
SV946,2028-08-03,RUH-MED,B777,18:00,240,Eco,256,234,8.38,13
SV947,2028-08-04,JED-RUH,A321,08:30,280,Eco,293,269,8.0,19
SV948,2028-08-05,DMM-RUH,A321,15:00,123,Eco+Biz,126,115,8.0,8
SV949,2028-08-06,RUH-JED,B777,23:00,240,Eco+Biz,251,236,5.86,23
SV950,2028-08-07,RUH-CAI,B787,23:40,129,Eco,138,128,6.71,9
SV951,2028-08-08,RUH-CAI,A320,21:50,291,Eco,301,280,6.79,14
SV952,2028-08-09,RUH-CAI,A330,20:40,193,Eco+Biz,196,185,5.16,17
SV953,2028-08-10,JED-RUH,B777,23:10,237,Eco+Biz,249,235,5.61,20
SV954,2028-08-11,JED-RUH,A320,17:50,207,Eco+Biz,220,202,8.08,20
SV955,2028-08-12,RUH-DXB,A330,17:30,254,Eco+Biz,260,237,8.59,13
SV956,2028-08-13,RUH-MED,A321,13:30,100,Eco+Biz,106,98,7.39,5
SV957,2028-08-14,RUH-DXB,B787,09:10,155,Eco,166,157,5.35,14
SV958,2028-08-15,RUH-MED,B777,21:20,234,Eco+Biz,241,224,6.72,13
SV959,2028-08-16,JED-IST,B737,22:50,311,Eco,320,301,5.85,14
SV960,2028-08-17,JED-RUH,A330,14:50,214,Eco,225,206,8.43,17
SV961,2028-08-18,RUH-MED,A321,10:40,182,Eco,188,178,5.21,14
SV962,2028-08-19,RUH-MED,B737,08:20,226,Eco,234,217,7.13,17
SV963,2028-08-20,JED-IST,A330,18:50,156,Eco+Biz,164,149,8.88,14
SV964,2028-08-21,DMM-RUH,A330,14:30,113,Eco+Biz,120,111,7.37,6
SV965,2028-08-22,JED-IST,A320,05:30,261,Eco,273,253,7.11,17
SV966,2028-08-23,RUH-MED,A320,11:20,278,Eco+Biz,286,262,8.22,13
SV967,2028-08-24,JED-RUH,B737,13:10,295,Eco+Biz,308,289,6.11,21
SV968,2028-08-25,RUH-MED,B737,11:40,133,Eco,143,130,8.69,9
SV969,2028-08-26,DMM-RUH,B787,08:40,60,Eco+Biz,64,60,5.05,4
SV970,2028-08-27,RUH-MED,A330,12:50,160,Eco+Biz,167,158,5.34,15
SV971,2028-08-28,RUH-CAI,A321,21:50,97,Eco,101,94,6.72,4
SV972,2028-08-29,RUH-MED,A320,17:30,215,Eco,230,216,5.96,12
SV973,2028-08-30,DMM-RUH,B777,15:40,120,Eco,122,115,5.21,9
SV974,2028-08-31,RUH-MED,B737,11:40,191,Eco+Biz,195,181,6.75,15
SV975,2028-09-01,DMM-RUH,B787,12:50,148,Eco+Biz,154,142,7.31,10
SV976,2028-09-02,RUH-MED,B737,23:40,174,Eco+Biz,180,170,5.43,10
SV977,2028-09-03,JED-RUH,B777,11:20,275,Eco,285,263,7.52,19
SV978,2028-09-04,RUH-MED,A320,10:10,228,Eco+Biz,242,227,6.13,16
SV979,2028-09-05,RUH-JED,B787,06:30,178,Eco,191,176,7.44,12
SV980,2028-09-06,RUH-DXB,A321,10:40,138,Eco+Biz,143,130,8.41,9
SV981,2028-09-07,RUH-JED,B737,19:50,173,Eco+Biz,182,172,5.32,15
SV982,2028-09-08,RUH-JED,A321,15:40,203,Eco,214,202,5.5,16
SV983,2028-09-09,RUH-MED,A330,14:30,237,Eco+Biz,250,228,8.6,16
SV984,2028-09-10,JED-IST,B737,07:50,165,Eco,171,161,5.81,16
SV985,2028-09-11,JED-RUH,A321,21:00,108,Eco+Biz,111,102,8.03,6
SV986,2028-09-12,JED-RUH,B787,22:40,243,Eco,256,242,5.16,15
SV987,2028-09-13,RUH-DXB,A321,11:50,156,Eco,161,147,8.08,10
SV988,2028-09-14,RUH-DXB,B737,11:40,161,Eco,164,155,5.14,12
SV989,2028-09-15,JED-IST,B777,05:00,231,Eco+Biz,240,220,8.32,14
SV990,2028-09-16,RUH-CAI,A321,12:00,184,Eco+Biz,195,177,8.77,14
SV991,2028-09-17,RUH-DXB,B787,08:30,173,Eco,179,165,7.8,15
SV992,2028-09-18,RUH-MED,B737,05:40,193,Eco+Biz,199,182,8.19,14
SV993,2028-09-19,RUH-DXB,A330,21:30,89,Eco,92,83,8.93,7
SV994,2028-09-20,RUH-DXB,B777,11:20,133,Eco,143,133,6.51,11
SV995,2028-09-21,RUH-JED,A321,22:40,167,Eco,179,168,5.88,11
SV996,2028-09-22,RUH-JED,A321,11:50,193,Eco,201,186,7.43,14
SV997,2028-09-23,RUH-JED,A321,22:50,165,Eco+Biz,169,158,6.42,9
SV998,2028-09-24,RUH-MED,B787,07:50,66,Eco+Biz,69,63,8.54,3
SV999,2028-09-25,RUH-JED,B787,15:00,127,Eco,134,125,6.64,8
SV1000,2028-09-26,RUH-JED,A321,13:40,287,Eco,304,280,7.65,13
